-- phpMyAdmin SQL Dump
-- version 4.8.3
-- https://www.phpmyadmin.net/
--
-- Máy chủ: 127.0.0.1
-- Thời gian đã tạo: Th10 06, 2018 lúc 08:44 AM
-- Phiên bản máy phục vụ: 10.1.36-MariaDB
-- Phiên bản PHP: 7.2.11

SET SQL_MODE = "NO_AUTO_VALUE_ON_ZERO";
SET AUTOCOMMIT = 0;
START TRANSACTION;
SET time_zone = "+00:00";


/*!40101 SET @OLD_CHARACTER_SET_CLIENT=@@CHARACTER_SET_CLIENT */;
/*!40101 SET @OLD_CHARACTER_SET_RESULTS=@@CHARACTER_SET_RESULTS */;
/*!40101 SET @OLD_COLLATION_CONNECTION=@@COLLATION_CONNECTION */;
/*!40101 SET NAMES utf8mb4 */;

--
-- Cơ sở dữ liệu: `vtsbook`
--

-- --------------------------------------------------------

--
-- Cấu trúc bảng cho bảng `admin`
--

CREATE TABLE `admin` (
  `username` varchar(50) COLLATE utf8_unicode_ci NOT NULL,
  `password` varchar(50) COLLATE utf8_unicode_ci NOT NULL,
  `hoten` varchar(50) COLLATE utf8_unicode_ci NOT NULL
) ENGINE=InnoDB DEFAULT CHARSET=utf8 COLLATE=utf8_unicode_ci;

--
-- Đang đổ dữ liệu cho bảng `admin`
--

INSERT INTO `admin` (`username`, `password`, `hoten`) VALUES
('admin', 'admin', 'Dương Thái Sang');

-- --------------------------------------------------------

--
-- Cấu trúc bảng cho bảng `danhmucchinh`
--

CREATE TABLE `danhmucchinh` (
  `madmc` int(10) NOT NULL,
  `tendmc` varchar(50) COLLATE utf8_unicode_ci NOT NULL
) ENGINE=InnoDB DEFAULT CHARSET=utf8 COLLATE=utf8_unicode_ci;

--
-- Đang đổ dữ liệu cho bảng `danhmucchinh`
--

INSERT INTO `danhmucchinh` (`madmc`, `tendmc`) VALUES
(1, 'Kinh doanh'),
(2, 'Kỹ năng'),
(3, 'Khoa học'),
(4, 'Văn học'),
(5, 'Văn hóa - Xã hội'),
(6, 'Lịch sử'),
(7, 'Chăm sóc gia đình');

-- --------------------------------------------------------

--
-- Cấu trúc bảng cho bảng `danhmucchitiet`
--

CREATE TABLE `danhmucchitiet` (
  `madmct` int(10) NOT NULL,
  `tendmct` varchar(50) COLLATE utf8_unicode_ci NOT NULL,
  `madmc` int(10) NOT NULL
) ENGINE=InnoDB DEFAULT CHARSET=utf8 COLLATE=utf8_unicode_ci;

--
-- Đang đổ dữ liệu cho bảng `danhmucchitiet`
--

INSERT INTO `danhmucchitiet` (`madmct`, `tendmct`, `madmc`) VALUES
(11, 'Marketing', 1),
(12, 'Quản trị - Kinh doanh', 1),
(13, 'Đầu tư - Tài chính', 1),
(14, 'Kỹ năng làm việc', 2),
(15, 'Kỹ năng sống', 2),
(16, 'Thơ', 4),
(17, 'Kiếm hiệp', 4),
(18, 'Truyện ngắn', 4),
(19, 'Hài hước', 4),
(20, 'Lịch sử Việt Nam', 6),
(21, 'Lịch sử thế giới', 6),
(22, 'Chính trị - Pháp luật', 5),
(23, 'Tôn giáo - Tâm linh', 5),
(24, 'Giáo dục', 5),
(25, 'Vật lý', 3),
(26, 'Hóa học', 6),
(27, 'Sinh học', 3),
(28, 'Công nghệ', 3),
(29, 'Chăm sóc sức khỏe', 7),
(30, 'Tâm lý - Giới tính', 7),
(46, 'Tình dục vọng', 7);

-- --------------------------------------------------------

--
-- Cấu trúc bảng cho bảng `donhang`
--

CREATE TABLE `donhang` (
  `madh` int(10) NOT NULL,
  `tendangnhap` varchar(50) COLLATE utf8_unicode_ci NOT NULL,
  `masach` int(10) NOT NULL,
  `dongia` float NOT NULL,
  `ngaytao` date NOT NULL
) ENGINE=InnoDB DEFAULT CHARSET=utf8 COLLATE=utf8_unicode_ci;

--
-- Đang đổ dữ liệu cho bảng `donhang`
--

INSERT INTO `donhang` (`madh`, `tendangnhap`, `masach`, `dongia`, `ngaytao`) VALUES
(1, 'duongthaisang', 6, 45000, '2018-10-18'),
(2, 'caongochoang', 5, 60000, '2018-10-17'),
(3, 'duongthaisang', 20, 70000, '2018-02-10'),
(4, 'duongthaisang', 32, 80000, '2018-05-19'),
(5, 'nguyenquangthai', 9, 10000, '2018-10-25'),
(6, 'phamtanvu', 2, 10000, '2018-10-02'),
(7, 'phamtanvu', 9, 10000, '2018-10-23'),
(8, 'truongphuthinh', 21, 6000, '2018-10-09'),
(9, 'truongphuthinh', 16, 5000, '2018-10-24'),
(10, 'nguyenvanloc', 2, 10000, '2018-10-24'),
(11, 'nguyenvanloc', 3, 12000, '2018-10-08'),
(12, 'nguyenvantuan', 21, 6000, '2018-10-09'),
(13, 'nguyenvantuan', 16, 5000, '2018-10-03'),
(14, 'tranvandac', 21, 6000, '2018-10-23'),
(15, 'tranvandac', 12, 8000, '2018-10-10'),
(16, 'liquochung', 30, 5000, '2018-10-08'),
(17, 'liquochung', 24, 4000, '2018-10-11'),
(19, 'duongthaisang', 5, 15000, '2018-10-26'),
(23, 'duongthaisang', 3, 12000, '2018-10-26'),
(24, 'tranvandac', 2, 10000, '2018-10-26'),
(25, 'tranvandac', 3, 12000, '2018-10-26'),
(26, 'tranvandac', 3, 12000, '2018-10-26'),
(27, 'nguyenquangthai', 20, 15000, '2018-10-26'),
(28, 'phamtanvu', 16, 5000, '2018-10-29'),
(29, 'duongthaisang', 24, 4000, '2018-10-30'),
(30, 'duongthaisang', 21, 6000, '2018-10-30'),
(31, 'nguyenkhacthuc', 25, 10000, '2018-11-02');

-- --------------------------------------------------------

--
-- Cấu trúc bảng cho bảng `feedback`
--

CREATE TABLE `feedback` (
  `maph` int(10) NOT NULL,
  `tendangnhap` varchar(50) COLLATE utf8_unicode_ci DEFAULT NULL,
  `ngayph` date NOT NULL,
  `noidung` varchar(1000) COLLATE utf8_unicode_ci NOT NULL,
  `masach` int(11) NOT NULL
) ENGINE=InnoDB DEFAULT CHARSET=utf8 COLLATE=utf8_unicode_ci;

--
-- Đang đổ dữ liệu cho bảng `feedback`
--

INSERT INTO `feedback` (`maph`, `tendangnhap`, `ngayph`, `noidung`, `masach`) VALUES
(1, 'truongphuthinh', '2018-12-03', 'Admin rất là đẹp trai, có thể cho mình làm quen được không ^^!', 1),
(2, 'phamtanvu', '2015-11-30', 'Web gì toàn sách vớ vẩn -_-', 6);

-- --------------------------------------------------------

--
-- Cấu trúc bảng cho bảng `khachhang`
--

CREATE TABLE `khachhang` (
  `tendangnhap` varchar(32) COLLATE utf8_unicode_ci NOT NULL,
  `matkhau` varchar(32) COLLATE utf8_unicode_ci NOT NULL,
  `email` varchar(50) COLLATE utf8_unicode_ci NOT NULL,
  `hoten` varchar(50) COLLATE utf8_unicode_ci NOT NULL,
  `diachi` varchar(120) COLLATE utf8_unicode_ci NOT NULL,
  `sdt` varchar(15) COLLATE utf8_unicode_ci NOT NULL,
  `soluongsachdadoc` int(11) NOT NULL,
  `ngaytao` date NOT NULL,
  `xu` int(11) NOT NULL,
  `avt` varchar(100) COLLATE utf8_unicode_ci NOT NULL DEFAULT 'avatar.jpg'
) ENGINE=InnoDB DEFAULT CHARSET=utf8 COLLATE=utf8_unicode_ci;

--
-- Đang đổ dữ liệu cho bảng `khachhang`
--

INSERT INTO `khachhang` (`tendangnhap`, `matkhau`, `email`, `hoten`, `diachi`, `sdt`, `soluongsachdadoc`, `ngaytao`, `xu`, `avt`) VALUES
('anhpt', 'e10adc3949ba59abbe56e057f20f883e', 'danhi@gmao.com', 'anh pt', 't36', '4655', 0, '2018-10-23', 405, 'avatar.jpg'),
('caongochoang', 'e10adc3949ba59abbe56e057f20f883e', 'caongochoang@gmail.com', 'Cao Ngọc Hoàng', 'T36', '0168656261', 412, '2018-10-02', 355, 'avatar.jpg'),
('duongthaisang', 'e10adc3949ba59abbe56e057f20f883e', 'duongthaisang@gmail.com', 'Dương Thái Sang', 't36', '123456789', 1643, '2018-10-22', 300, 'avatar.jpg'),
('liquochung', 'e10adc3949ba59abbe56e057f20f883e', 'lihung@gmailcom', 'Lý QUốc Hưng', 'lam dong', '123456', 0, '2018-10-24', 365, 'avatar.jpg'),
('nguyendinhhieu', 'e10adc3949ba59abbe56e057f20f883e', 'nguyendinhhieu@gmail.com', 'Nguyễn Đình Hiếu', 'T32', '2645646', 21, '2018-10-04', 335, 'avatar.jpg'),
('nguyenkhacthuc', 'e10adc3949ba59abbe56e057f20f883e', 'nguyenkhacthuc@gmail.com', 'Nguyễn Khắc Thức', 'T36', '12345678945', 0, '2018-10-26', 295, 'avatar.jpg'),
('nguyenquangthai', 'e10adc3949ba59abbe56e057f20f883e', 'nguyenquangthai@gmail.com', 'Nguyễn Quang Thái', 'kom tom', '64616464', 123, '2018-10-10', 390, 'avatar.jpg'),
('nguyenquocbao', 'e10adc3949ba59abbe56e057f20f883e', 'nguyenbaor@gmail.com', 'Nguyễn QUốc Bão', 't36', '123145', 0, '2018-10-24', 325, 'avatar.jpg'),
('nguyenthihue', 'e10adc3949ba59abbe56e057f20f883e', 'nguya2@gmail.com', 'Nguyễn Thị Huệ', '123456', '147852369', 0, '2018-10-26', 305, 'avatar.jpg'),
('nguyenvanloc', 'e10adc3949ba59abbe56e057f20f883e', 'nguyenvanloc@gmail.com', 'Nguyễn Văn Lộc', 'bac giang', '1246155', 546, '2018-10-04', 375, 'avatar.jpg'),
('nguyenvantuan', 'e10adc3949ba59abbe56e057f20f883e', 'nguyenvantuan@gmail.com', 'Nguyễn Văn Tuấn', 'bac ninh', '123456789', 264, '2018-10-05', 325, 'avatar.jpg'),
('phamtanvu', 'e10adc3949ba59abbe56e057f20f883e', 'dasdsad@haksd.com', 'Phạm Tấn Vũ', 'T32', '1561', 235, '2018-10-22', 355, 'avatar.jpg'),
('taikhoan1', 'e10adc3949ba59abbe56e057f20f883e', 'root@asdac.sa', 'Tài khoản 1', 'Bac ninh', '123456', 0, '2018-10-24', 305, 'avatar.jpg'),
('taikhoan2', 'e10adc3949ba59abbe56e057f20f883e', 'root@roto', 'Tài khoản 2', 'Nhà', '123486789', 0, '2018-10-24', 305, 'avatar.jpg'),
('taikhoan3', '9979206445457e56667f62a1cda0a637', 'taikhoan3@gmail.com', 'Tài khoản 3', 'taikhoan3@gmail.com', '123456789', 0, '2018-10-25', 305, 'avatar.jpg'),
('taikhoan4', 'e10adc3949ba59abbe56e057f20f883e', 'taikhoa@gmail.com', 'Tài khoản 4', 't322', '123456789484', 0, '2018-10-25', 355, 'avatar.jpg'),
('taikhoan5', 'e10adc3949ba59abbe56e057f20f883e', '123@gmail.com', '123456', '123', '123456', 0, '2018-10-26', 305, 'avatar.jpg'),
('taikhoan6', 'e10adc3949ba59abbe56e057f20f883e', '123456@gmail.com', '123456', '123456', '154645', 0, '2018-10-26', 305, 'avatar.jpg'),
('tranlongan', 'e10adc3949ba59abbe56e057f20f883e', 'tranlongan@gmail.com', 'Trần Long An', 'Ninh BInh', '124865654', 213, '2018-10-05', 305, 'avatar.jpg'),
('tranvandac', 'e10adc3949ba59abbe56e057f20f883e', 'dactran@gmail.com', 'Trần Văn Đắc', 't2', '123456789', 451, '2018-10-22', 921, 'avatar.jpg'),
('tranvandong', 'e10adc3949ba59abbe56e057f20f883e', 'tranvandong@gmail.com', 'Trần Văn Đông', 'THanh Hóa', '0123654789', 0, '2018-10-26', 305, 'avatar.jpg'),
('truongphuthinh', 'e10adc3949ba59abbe56e057f20f883e', 'duongthaisang@gmail.com', 'Trương Phú Thịnh', 'Lam Dong', '213123', 76, '2018-10-22', 375, 'avatar.jpg');

-- --------------------------------------------------------

--
-- Cấu trúc bảng cho bảng `naptien`
--

CREATE TABLE `naptien` (
  `tendangnhap` varchar(50) NOT NULL,
  `soxu` int(11) NOT NULL,
  `thoigian` date NOT NULL,
  `mathanhtoan` varchar(10) NOT NULL,
  `trangthai` tinyint(4) NOT NULL
) ENGINE=InnoDB DEFAULT CHARSET=latin1;

--
-- Đang đổ dữ liệu cho bảng `naptien`
--

INSERT INTO `naptien` (`tendangnhap`, `soxu`, `thoigian`, `mathanhtoan`, `trangthai`) VALUES
('tranvandac', 10, '2018-11-06', '52be0a0cab', 1);

-- --------------------------------------------------------

--
-- Cấu trúc bảng cho bảng `phanhoi`
--

CREATE TABLE `phanhoi` (
  `maph` int(11) NOT NULL,
  `hoten` varchar(50) CHARACTER SET utf8 COLLATE utf8_unicode_ci NOT NULL,
  `email` varchar(100) CHARACTER SET utf8 COLLATE utf8_unicode_ci NOT NULL,
  `ngayph` date NOT NULL,
  `noidung` varchar(1000) CHARACTER SET utf8 COLLATE utf8_unicode_ci NOT NULL
) ENGINE=InnoDB DEFAULT CHARSET=latin1;

--
-- Đang đổ dữ liệu cho bảng `phanhoi`
--

INSERT INTO `phanhoi` (`maph`, `hoten`, `email`, `ngayph`, `noidung`) VALUES
(0, 'ádasd', '123213', '2018-10-23', '123123'),
(2, 'Trần Văn Đắc', 'dactran@gmail.com', '2018-10-01', 'Admin rất là đẹp trai, có thể cho mình làm quen được không'),
(3, 'Phạm Sĩ Tiến', 'tiensipham@gmail.com', '2018-09-03', 'Mình muốn làm ad thì sao nhỉ'),
(4, 'Phạm Đức Thành', 'thanhtiencity@gmail.com', '2018-01-31', 'Sách rất là hay, không phụ lòng mọi người. Sẽ tiếp tục ủng hộ shop.');

-- --------------------------------------------------------

--
-- Cấu trúc bảng cho bảng `sach`
--

CREATE TABLE `sach` (
  `masach` int(10) NOT NULL,
  `madmct` int(10) NOT NULL,
  `tensach` varchar(200) COLLATE utf8_unicode_ci NOT NULL,
  `giaban` int(11) NOT NULL,
  `link_epub` varchar(100) COLLATE utf8_unicode_ci NOT NULL,
  `link_pdf` varchar(200) COLLATE utf8_unicode_ci NOT NULL,
  `hinhanh` varchar(100) COLLATE utf8_unicode_ci NOT NULL,
  `tentacgia` varchar(100) COLLATE utf8_unicode_ci NOT NULL,
  `namxb` varchar(5) COLLATE utf8_unicode_ci NOT NULL,
  `soluongdoc` int(11) NOT NULL,
  `soluongtai` int(11) NOT NULL,
  `gioithieu` text COLLATE utf8_unicode_ci NOT NULL,
  `ngaydang` date NOT NULL
) ENGINE=InnoDB DEFAULT CHARSET=utf8 COLLATE=utf8_unicode_ci;

--
-- Đang đổ dữ liệu cho bảng `sach`
--

INSERT INTO `sach` (`masach`, `madmct`, `tensach`, `giaban`, `link_epub`, `link_pdf`, `hinhanh`, `tentacgia`, `namxb`, `soluongdoc`, `soluongtai`, `gioithieu`, `ngaydang`) VALUES
(1, 11, 'Đánh Bại Phố Wall.', 0, 'danh_bai_pho_wall.epub', 'danh_bai_pho_wall.pdf', 'danh_bai_pho_wall.jpg', 'Peter Lynch.', '2015', 219, 21, 'Với 13 năm kinh nghiệm quản lý thành công quỹ đầu tư Fidelity Magellan và lựa chọn hàng nghìn cổ phiếu, Lynch đã đúc kết thành 21 nguyên tắc hài hước mà ông gọi là “Những nguyên tắc của Peter”.\r\n\r\nChìa khóa để đầu tư thành công, theo Lynch, là phải ghi nhớ rằng cổ phiếu không giống như tấm vé số; luôn có một công ty đằng sau mỗi cổ phiếu và một nguyên nhân lý giải cho cách thức vận hành của các công ty - và cổ phiếu của chúng. Lynch chỉ ra làm cách nào chúng ta có thể tìm hiểu tối đa về công ty mục tiêu và xây dựng một danh mục đầu tư sinh lợi dựa trên chính kinh nghiệm, hiểu biết và kết quả nghiên cứu của bản thân. Không có bất kỳ lý do nào cản trở một nhà đầu tư cá nhân tự trở thành chuyên gia, và cuốn sách này sẽ chỉ ra cách thực hiện điều đó.\r\n\r\nTrong Đánh bại phố Wall, lần đầu tiên Lynch đã:\r\n	- So sánh khả năng sinh lợi giữa đầu tư cổ phiếu với trái phiếu;\r\n	- Hướng dẫn từng bước cụ thể của quá trình chọn cổ phiếu;\r\n	- Chỉ ra làm thế nào nhà đầu tư cá nhân có thể cải thiện thành tích đầu tư của mình sánh ngang với các chuyên gia đầu tư hàng đầu.\r\nHãy đọc cuốn sách và phát triển một chiến lược đầu tư thắng lợi của chính bạn với lời khuyên quý giá từ “nhà quản lý tiền số 1 của Mỹ”.\r\n', '2018-10-02'),
(2, 11, 'Biến Bất Kỳ Ai Thành Khách Hàng.', 10000, 'bien_bat_ki_ai_thanh_khach_hang.epub', 'bien_bat_ki_ai_thanh_khach_hang.pdf', 'bien_bat_ki_ai_thanh_khach_hang.jpg', 'C.J. Hayden', '2012', 74, 12, '\"Biến Bất Kỳ Ai Thành Khách Hàng (Get Cilients Now)\": Nếu đã sẵn sàng gia tăng số lượng khách hàng thì Biến bất kỳ ai thành khách hàng chính là cuốn sách mà bạn cần đọc!\r\n	Tập trung hướng vào hàng loạt các thủ thuật, công cụ, và chiến lược dễ sử dụng, phù hợp cho mọi hình thức kinh doanh dịch vụ chuyên nghiệp, cuốn sách hữu ích này mang đến cho bạn một chương trình 28 ngày duy nhất đã được kiểm nghiệm giúp cho việc khoanh vùng, định vị, thu hút và giữ khách hàng mới với số lượng lớn hơn nhiều những gì bạn từng mong ước có thể!\r\n	Bạn sẽ biết :\r\n• Lựa chọn chiến thuật marketing phù hợp với hoàn cảnh và tính cách.\r\n• Xác định những sai sót trong hoạt động marketing và cách khắc phục.\r\n• Sử dụng các chiến thuật tiếp thị qua Internet - mạng xã hội trực tuyến.\r\n• Thay thế những phương pháp marketing rời rạc, thiếu hiệu quả bằng các chiến lược marketing mới thông qua các mối quan hệ mang lại hiệu quả cao.\r\n• Và còn nhiều điều hơn thế.\r\n	Biến bất kỳ ai thành khách hàng sẽ giúp bạn vượt qua nỗi sợ hãi, sức ì, tâm lý trì hoãn – những thứ đang cản trở bạn hành động hiệu quả. Bạn sẽ thấy lượng khách hàng tăng theo cấp số nhân và  lợi nhuận cũng vậy!\r\n	Mời các bạn đón đọc cuốn sách \"Biến Bất Kỳ Ai Thành Khách Hàng (Get Cilients Now) - C. J. Hayden\".\r\n', '2018-11-10'),
(3, 11, '12 Tuyệt Kỹ Bán Hàng', 12000, '12_tuyet_ki_ban_hang.epub', '12_tuyet_ki_ban_hang.pdf', '12_tuyet_ki_ban_hang.jpg', 'Brian Tracy', '2012', 513, 124, 'Trong tương lai, ngày càng nhiều người sẽ kiếm được nhiều tiền hơn và có được những thành công vĩ đại hơn về tài chính trên con đường phát triển sự nghiệp bán hàng của mình, nhiều hơn bất cứ thời điểm nào trước đây. 5% trong số các tỉ phú tự thân là những người bán hàng, những người có xuất phát điểm rất thấp, trở thành chuyên gia trong lĩnh vực của họ, kiếm được rất nhiều tiền và trở nên giàu có. Và những gì mà hàng trăm nghìn người, thậm chí là hàng triệu người khác đã làm, bạn cũng có thể làm được. Bạn chỉ cần phải học cách làm mà thôi.\r\n\r\n	Dr. Peter Legge, OBC, LL.D., D. Tech. Chủ tịch đồng thời là Giám đốc điều hành, công ty Canada Wide Media Limited đã khuyên rằng: “Cuốn sách mới về nghệ thuật bán hàng của Brian Tracy sẽ giúp bạn định hình tương lai của mình với những thành công không giới hạn trong một công việc thú vị nhất mà bạn có thể lựa chọn và trở nên vượt trội. Đây thực sự là một cuốn sách cần phải có trên giá sách nhà bạn. Hãy mua, đọc, học và ứng dụng những gì đã học được từ cuốn sách. Bạn sẽ cần chúng để có thể đạt được thành công dài hạn trong tương lai.”\r\n\r\n	Còn Mark C. Thompson, Tác giả của cuốn sách bán chạy nhất New York - Khen ngợi: 21 cách để nhân đôi giá trị của bạn đã nói: “Brian Tracy đã quật được một cú home run  mới! Đừng cố gắng để thuyết phục khách hàng trước khi đọc cuốn sách này. Hãy đọc và vận dụng những gì đã học được từ từng câu từng chữ trong cuốn sách và doanh số bán hàng của bạn sẽ tăng nhanh đến mức khó tin.\r\n\r\n	Và tác giả thì khẳng định: “Con trai của tôi, Michael, và tôi đã cô đọng lại trong cuốn sách này tất cả những gì chúng tôi học được từ kinh nghiệm bán rất nhiều sản phẩm/ dịch vụ của mình với tổng doanh thu nhiều triệu đô la. Mọi phương pháp, công cụ được trình bày trong cuốn sách đều đã được thời gian kiểm chứng, được chứng minh và thực hành, và chúng được thiết kế để giúp bạn có thể bán hàng một cách nhanh chóng và dễ dàng hơn trong bất cứ một thị trường nào. Khi bắt đầu sự nghiệp bán hàng của mình, tôi chẳng có một chút kỹ năng hay công cụ nào mà bạn sắp được học. Tôi chưa tốt nghiệp cấp ba. Tôi làm công việc lao động chân tay trong vài năm. Khi không thể tìm nổi một công việc chân tay nào nữa, tôi chuyển sang nghề môi giới bán hàng và liên tục thực hiện các cuộc gọi ngẫu nhiên hết từ văn phòng này đến văn phòng khác trong giờ làm việc rồi đến các hộ gia đình vào buổi tối.Tôi được tham gia một chương trình đào tạo bán hàng gồm 3 phần, vốn đã rất phổ biến trên thế giới: “Đây là các vi dít của anh, đây là tài liệu dùng để giới thiệu sản phẩm, còn đây là những địa chỉ cần đến.”Nếu không bán được hàng, tôi sẽ chẳng có gì ăn. Sáng nào tôi cũng dậy vào lúc 6 giờ và chờ đợi ở bãi đỗ xe khi mọi người đến làm việc lúc 8 giờ. Kết quả bán hàng của tôi vô cùng tồi tệ. Tôi chỉ kiếm đủ tiền để ăn và để trả tiền thuê một phòng trọ nhỏ. Đôi giầy tôi đi rách nát, ví thì rỗng tuếch và bản thân tôi chẳng có một chút tương lai nào cả.”…\r\n	Giới thiệu tác giả.\r\n	Brian Tracy là một tác giả nổi tiếng trên toàn thế giới trong tất cả các lĩnh vực liên quan đến phát triển bản thân và phát triển sự nghiệp. Ông đã giữ vị trí của một nhà lãnh đạo hàng đầu trong suốt nhiều thập kỷ qua. Không có ai biết về mọi khía cạnh của quy trình bán hàng nhiều hơn ông, và trong cuốn sách tuyệt vời này, ông đã giải thích lý do tại sao ông là một người bán hàng tài ba đồng thời là một giáo viên cực kỳ chuyên nghiệp chuyên dạy một môn nghệ thuật quan trọng nhất của cuộc sống - nghệ thuật thuyết phục tích cực.”\r\n', '0000-00-00'),
(4, 12, 'Chiêu bài quản lý vàng của Bill-Gates.', 0, 'chieu_bai_quan_li_vang_bill_gates.epub', 'chieu_bai_quan_li_vang_bill_gates.pdf', 'chieu_bai_quan_li_vang_bill_gates.jpg', 'Thương Mỗ.', '2011', 1594, 140, 'Bill Gates là người sáng lập ra công ty Microsoft, công ty hàng đầu chuyên cung cấp phần mềm cho máy tính. Ông nguyên là Tổng Giám đốc và CEO của công ty Microsoft. Ông là người nổi tiếng trên thế giới. Ông đã biến lĩnh vực phần mềm trở thành một thần thoại, đã tạo ra một vương quốc phần mềm kỳ diệu bằng cả cuộc đời mình.\r\nÔng từng phát biểu: “Luôn có người cho rằng tôi thành công là nhờ may mắn. Tôi không phủ nhận tính quan trọng của cơ hội, nhưng tôi muốn nhấn mạnh rằng, cơ hội đâu chỉ đến với riêng tôi. Hơn nữa, tôi không ngồi yên chờ đợi cơ hội mà luôn tự tạo ra nó. Chúng ta luôn phải đối mặt với các thách thức, vì vậy, nếu kiên trì, chúng ta sẽ tìm được cách giải quyết triệt để. Hàng ngày tôi dành phần lớn thời gian để suy nghĩ, vì mỗi ngày đều xuất hiện đối thủ cạnh tranh mới. Tôi cần phải xác định rõ nhất cử nhất động của đối thủ để có biện pháp đánh bại đúng đắn”.\r\nTrước những thành công của Bill Gates, nhiều người thường hỏi: Tại sao Bill Gates lại thành công đến vậy? Tại sao lịch sử lại chọn ông? Theo suốt quá trình sống của Bill Gates thì thấy, thành công của Bill Gates mang tính tất nhiên. Bạn sẽ thấy, sự thành công của Bill Gates được tạo bởi những phẩm chất như, dũng cảm tạo dựng sự nghiệp, dù thất bại cũng quyết đứng lên bằng đôi chân của mình, biết cách giao tiếp khéo léo, làm việc say mê… Những yếu tố ấy là những nấc thang vững chãi đưa ông đến với đỉnh cao của thành công.Thành công là sản phẩm của tư tưởng và trí tuệ. Nói cách khác, nếu tư tưởng của bạn nghèo nàn thì đó chính là thất bại đau đớn nhất.\r\nThông qua cuộc đời và sự nghiệp của Bill Gates, tác giả Thương Mỗ đã giải mã bí mật thành công của ông. Đọc xong cuốn sách này, bạn sẽ thấy đây là một cuốn sách hướng dẫn cách quản lý vô cùng sinh động.\r\n', '2018-10-10'),
(5, 13, 'Tiền không mua được gì', 15000, 'tien_khong_mua_duoc_gi.epub', 'tien_khong_mua_duoc_gi.pdf', 'tien_khong_mua_duoc_gi.jpg', 'Michael Sandel', '2015', 366, 200, 'Chúng ta đã quen và bị thuyết phục bởi nền kinh tế thị trường: thông qua giá, thị trường điều phối tài nguyên quý hiếm để phục vụ xã hội một cách tốt nhất. Ai sẵn sàng bỏ nhiều tiền nhất để mua một cái gì đó sẽ là người sử dụng nó một cách hiệu quả nhất.\r\nNhưng, sâu thẳm trong lòng mình, chúng ta cũng tin rằng tiền không thể mua được tất cả mọi thứ: nó không mua được danh dự, không mua được sự sống và cái chết.\r\nNhưng đâu là ranh giới giữa những gì có thể mua được bằng tiền và những gì thì không. Chúng ta đã quen với việc những người mua vé máy bay có quyền lên máy bay trước mà không cần xếp hàng. Chúng ta cũng quen, tuy rằng cảm thấy khó chịu hơn, khi có người bỏ tiền để tranh giành cho được một chỗ trong trường tốt cho con mình đi học. Nhưng chúng ta rất khó chấp nhận khi người ta bỏ tiền để chen hàng cho người nhà mình vào phòng mổ cấp cứu. Chúng ta cũng rất khó chấp nhận khi người ta bỏ tiền ra để mua bộ phận trên cơ thể người khác hầu cấy vào cơ thể mình.\r\n\r\nVậy thì đâu là ranh giới giữa những gì chúng ta chấp nhận để tiền có thể mua được và những gì thì không?\r\nTrong Tiền Không Mua Được Gì?, tác giả cung cấp những cơ sở triết học, những lập luận căn bản để mỗi người trong chúng ta có thể xác định được ranh giới cho chính mình. Có những thứ mà khi ta coi nó như một mặt hàng có thể mua đi bán lại thì ta đã hủy hoại giá trị làm nên bản chất của nó.\r\nĐọc xong Tiền Không Mua Được Gì?, dù ta có không trả lời trọn vẹn được câu hỏi này, ít ra ta cũng nhận thức được rằng đặt ra câu hỏi này là vô cùng cần thiết. Nếu chúng ta không đặt câu hỏi, không tranh cãi để đi đến xác định một ranh giới mà toàn bộ cộng đồng, xã hội chấp nhận, thì rất có thể thị trường sẽ quyết định hộ chúng ta. Tôi thấy đây là một nhận định rất quan trọng của Michael Sandel.\r\n', '0000-00-00'),
(6, 14, '17 Nguyên tắc vàng trong làm việc nhóm.', 18000, '17_nguyen_tac_vang_trong_lam_viec_nhom.epub', '17_nguyen_tac_vang_trong_lam_viec_nhom.pdf', '17_nguyen_tac_vang_trong_lam_viec_nhom.jpg', 'John C. Maxwell', '2013', 385, 200, 'Khi trở thành thành viên của một nhóm nào đó thì vấn đề bạn cần băn khoăn không phải là \"Có nên tham gia các hoạt động của nhóm không?\" mà là \"Những đóng góp của bạn có mang lại thành công cho nhóm không?\" Mọi người đều biết làm việc nhóm là một điều tốt, thậm chí còn là điều thiết yếu! Nhưng phải tổ chức làm việc nhóm như thế nào để đạt hiệu quả? Tại sao một số nhóm rất thành công, trong khi một vài nhóm khác lại làm việc rời rạc, thiếu liên kết? Khó có thể trả lời chính xác những câu hỏi này.\r\nNhưng chúng ta đều biết rằng nếu mọi người có năng lực, trình độ, ưu thế, … như nhau thì đã không có những nhà vô địch thể thao thế giới và danh sách 500 công ty Fortune cũng sẽ không thay đổi qua các năm. Các cá nhân không thể gắn kết với nhau là nguyên nhân làm tan rã nhóm. Một số người nghĩ rằng chìa khoá để thành công là nguyên tắc làm việc rõ ràng.\r\nNhưng trên thực tế, có nhiều người rất siêng năng, khả năng làm việc độc lập rất tốt nhưng lại không thể làm việc cùng nhau để phát huy hết tiềm lực của họ. Thực chất, nhóm phải là nhóm những cá nhân luôn tương trợ, giúp đỡ lẫn nhau, tạo động lực cho nhau phát triển. Giữa các cá nhân phải có sự tương tác với nhau như một chuỗi phản ứng hoá học.\r\nĐó là cách thức để xây dựng nhóm của riêng bạn. Trong \"17 nguyên tắc vàng trong làm việc nhóm\", John C.Maxwell sẽ chia sẻ những nguyên tắc sống còn - hữu ích trong mọi lĩnh vực đời sống - của xây dựng nhóm hiệu quả như: lựa chọn thành viên nhóm, xác định mục tiêu chung của nhóm, lãnh đạo nhóm,…\r\nHoàn toàn không phải là những lý thuyết sáo rỗng, cuốn sách này sẽ đem đến cho bạn những trải nghiệm thú vị:\r\n- Cùng Thủ tướng Winton Churchill thực hành Nguyên tắc Toàn cảnh\r\n- Chứng kiến sự vươn lên của IBM trở thành một trong những tập đoàn máy tính lớn nhất thế giới (Nguyên tắc chiếc la bàn).\r\n- Tìm hiểu bí quyết thành công của hãng phim hoạt hình nổi tiếng thế giới Walt Disney (Nguyên tắc Bảng điểm) …\r\nDù bạn là ai, hoạt động trong lĩnh vực/ tổ chức nào, cuốn sách này cũng sẽ tiếp sức cho bạn và nhóm bạn của bạn tiến gần hơn đến thành công.\r\n', '2018-10-10'),
(7, 14, 'Sổ tay tiếng anh trong công việc hành chính.', 0, 'so_tay_tieng_anh_trong_cong_viec_hanh_chinh.epub', 'so_tay_tieng_anh_trong_cong_viec_hanh_chinh.pdf', 'so_tay_tieng_anh_trong_cong_viec_hanh_chinh.jpg', 'Alphabooks', '2010', 478, 224, 'Cuốn sổ tay này thật sự hữu ích và tiện dụng, giúp người đọc tra cứu bất cứ lúc nào những kiến thức cơ bản trong tiếng Anh, đặc biệt là trong công việc hành chính hiện đại. Từ ngữ pháp cơ bản, các tập quán và phong cách ngôn ngữ đến Những lỗi thường gặp trong tiếng Anh thực hành ; Từ Các quy tắc chính tả cơ bản đến Cách phát âm, cách sử dụng dấu câu và con số trong văn bản tiếng Anh,...\r\nCác mẫu văn bản tiếng Anh thông dụng trong phần phụ lục đặt biệt hỗ trợ bạn trong quá trình soạn thảo văn bản hành chính hoặc trả lời khách hàng một cách chính xác, nhanh gọn; để bạn có tác phong của một người làm công tác hành chính chuyên nghiệp.\r\n\" Khi học bất kỳ kỹ năng nào, kể cả ngoại ngữ, điều cần thiết là sự kiên trì. Hãy dành ra một khoảng thời gian mỗi ngày để luyện tập cũng như tận dụng từng cơ hội trong công việc và đời sống để nâng cao khả năng ngoại ngữ của mình. Sự tiến bộ của bạn đồng nghĩa với các cơ hội sẽ gõ cửa bạn nhiều hơn \"\r\nÔng Phạm Minh Toàn ( Giám đốc Time Universal Communication )\r\n', '2018-10-10'),
(8, 14, 'Cuộc chiến trong phòng họp.', 0, 'cuoc_chien_trong_phong_hop.epub', 'cuoc_chien_trong_phong_hop.pdf', 'cuoc_chien_trong_phong_hop.jpg', 'Al Ries - Laura Ries', '2013', 990, 612, 'Điều gì làm nên một CEO giỏi? Đó là người có tư duy mạnh về ngôn ngữ, logic và phân tích, những đặc điểm tiêu biểu của nhóm người chịu sự chi phối của bán cầu não trái.\r\n\r\nĐiều gì làm nên một CMO giỏi? Đó là người có tư duy mạnh về hình ảnh, trực giác và tổng hợp, những đặc điểm tiêu biểu của nhóm người dễ chịu sự chi phối của bán cầu não phải.\r\nTừ sự khác biệt của 2 nhóm người này, hai doanh nhân nổi tiếng Al và Laura Ries mô tả chi tiết cuộc chiến giữa các nhà quản lý và nhà marketing, cùng những dẫn chứng cụ thể về cách quyết định của họ đã ảnh hưởng như thế nào sự phát triển của thương hiệu/ dòng sản phẩm, thậm chí là sự suy vong của nhiều thương hiệu/ dòng sản phẩm/ công ty/ tập đoàn.\r\nBằng cách sử dụng những thương hiệu và sản phẩm nổi tiếng trên thế giới để minh hoạ cho lập luận của mình, hai tác giả đã thật sự thuyết phục người đọc trong việc chỉ ra lý do tại sao một số thương hiệu thành công (Nokia, Nintendo, và Red Bull) còn một số thương hiệu thất bại (Saturn, Sony và Motorola). Và như vậy, hai tác giả đã đưa ra một thông điệp rõ ràng: để tồn tại trong xã hội tràn ngập truyền thông ngày nay, nhà quản lý cần biết cách tư duy giống nhà marketing và ngược lại. Với lối viết phóng khoáng và lôi cuốn người đọc của Al và Laura Ries, cuốn sách Cuộc Chiến Trong Phòng Họp đã mang đến một cái nhìn hoàn toàn mới về một vấn đề muôn thuở, cũng như chỉ ra kế hoạch hành động cho những công ty muốn thoát khỏi bế tắc và bắt đầu gặp hái thành công.\r\n', '2018-10-10'),
(9, 15, 'Đi tìm lẽ sống.', 10000, 'di_tim_le_song.epub', 'di_tim_le_song.pdf', 'di_tim_le_song.jpg', 'Viktor Emil Frankl', '2003', 169, 90, 'Đi tìm lẽ sống của Viktor Frankl là một trong những quyển sách kinh điển của thời đại. Thông thường, nếu một quyển sách chỉ có một đoạn văn, một ý tưởng có sức mạnh thay đổi cuộc sống của một người, thì chỉ riêng điều đó cũng đã đủ để chúng ta đọc đi đọc lại và dành cho nó một chỗ trên kệ sách của mình. Quyển sách này có nhiều đoạn văn như thế.\r\nTrước hết, đây là quyển sách viết về sự sinh tồn. Giống như nhiều người Do Thái sinh sống tại Đức và Đông Âu khi ấy, vốn nghĩ rằng mình sẽ được an toàn trong những năm 1930, Frankl đã trải qua khoảng thời gian chịu nhiều nghiệt ngã trong trại tập trung và trại hủy diệt của Đức quốc xã. Điều kỳ diệu là ông đã sống sót, cụm từ “thép đã tôi thế đấy” có thể lột tả chính xác trường hợp này. Nhưng trong Đi tìm lẽ sống, tác giả ít đề cập đến những khó nhọc, đau thương, mất mát mà ông đã trải qua, thay vào đó ông viết về những nguồn sức mạnh đã giúp ông tồn tại.\r\nÔng chua xót kể về những tù nhân đã đầu hàng cuộc sống, mất hết hy vọng ở tương lai và chắc hẳn là những người đầu tiên sẽ chết. Ít người chết vì thiếu thức ăn và thuốc men, mà phần lớn họ chết vì thiếu hy vọng, thiếu một lẽ sống. Ngược lại, Frankl đã nuôi giữ hy vọng để giữ cho mình sống sót bằng cách nghĩ về người vợ của mình và trông chờ ngày gặp lại nàng. Ông còn mơ ước sau chiến tranh sẽ được thuyết giảng về các bài học tâm lý ông đã học được từ trại tập trung Auschwitz. Rõ ràng có nhiều tù nhân khao khát được sống đã chết, một số chết vì bệnh, một số chết vì bị hỏa thiêu. Trong tập sách này, Frankl tập trung lý giải nguyên nhân vì sao có những người đã sống sót trong trại tập trung của phát xít Đức hơn là đưa ra lời giải thích cho câu hỏi vì sao phần lớn trong số họ đã không bao giờ trở về nữa.\r\nNhiệm vụ lớn lao nhất của mỗi người là tìm ra ý nghĩa trong cuộc sống của mình. Frankl đã nhìn thấy ba nguồn ý nghĩa cơ bản của đời người: thành tựu trong công việc, sự quan tâm chăm sóc đối với những người thân yêu và lòng can đảm khi đối mặt với những thời khắc gay go của cuộc sống. Đau khổ tự bản thân nó không có ý nghĩa gì cả, chính cách phản ứng của chúng ta mới khoác lên cho chúng ý nghĩa. Frankl đã viết rằng một người “có thể giữ vững lòng quả cảm, phẩm giá và sự bao dung, hoặc người ấy có thể quên mất phẩm giá của con người và tự đặt mình ngang hàng loài cầm thú trong cuộc đấu tranh khắc nghiệt để sinh tồn”. Ông thừa nhận rằng chỉ có một số ít tù nhân của Đức quốc xã là có thể giữ được những phẩm chất ấy, nhưng “chỉ cần một ví dụ như thế cũng đủ chứng minh rằng sức mạnh bên trong của con người có thể đưa người ấy vượt lên số phận nghiệt ngã của mình”.\r\n', '2018-10-10'),
(10, 16, 'Làm Đĩ', 0, 'lam_di.epub', 'lam_di.pdf', 'lam_di.jpg', 'Vũ Trọng Phụng', '1996', 564, 230, 'Vũ Trong Phụng viết Làm đĩ vào năm 1936, một thời đại thực sự hỗn loạn như đã hiện lên qua nhiều trang viết của ông và các nhà văn cùng thời. Xã hội thành thị Việt Nam thời ấy đang \"Âu hóa\" một cách nửa mùa - cái cũ chưa qua, cái mới chưa tới, đầy rẫy sự nhốn nháo, lừa lọc, sa đọa và đau khổ.\r\nLàm đĩ được viết dưới dạng tự truyện của nhân vật chính tên Huyền. Sinh ra trong một gia đình có cha làm việc cho Tây nhưng lại cực kỳ hủ bại, từ nhỏ Huyền đã luôn bị người lớn lảng tránh và nạt nộ khi cô bé thắc mắc về những vấn đề giới tính.\r\nThứ cô tiếp thu được chỉ là lời nói bậy bạ, thô tục của kẻ ăn người ở trong nhà và những bài \"tự học\" của đám trẻ thơ. Sự tò mò ấy làm bùng lên nỗi khát khao ở người thiếu nữ bước vào tuổi dậy thì, để rồi một ngày cô ngã vào vòng tay Lưu - một người anh họ xa đang trọ học tại nhà - trong cái đêm mất ngủ vì âm thanh \"sự thị uy của ái tình\" giữa cha và vợ bé chỉ cách giường cô một bức vách. Mối tình vụng dại kết thúc bi thảm hệt như những bộ phim lãng mạn thời bấy giờ.\r\nLưu tự tử chết, Huyền bị ép gả cho Kim. Kim mắc bệnh giang mai do thói ăn chơi bừa bãi của giới thượng lưu nên chỉ có thể quấy rấy vợ bằng \"cách nửa đời nửa đoạn.\" Vì tiền, Kim đem vợ ra làm mồi nhử Tân, một \"đại gia\" đào hoa, giàu có.\r\nTừ chỗ e ngại, Huyền và Tân đã trở thành đôi \"gian phu dâm phụ\" lúc nào không hay. Kim lật lọng, bắt Huyền thú tội và từ đó \"giáng\" cô xuống thân phận tôi đòi. Huyền tìm đến Tân nhưng chỉ nhận được lời giả dối của kẻ \"cho mục đích của ái tình không phải là hôn sự\". Tân phũ phàng từ chối Huyền và trơ tráo thừa nhận \"lúc nào anh cũng có dăm bảy cô nhân tình.\" Tân tháo chiếc vàng đưa cho Huyền để trả công. Huyền ném chiếc nhẫn vào mặt kẻ bội bạc rồi bỏ chạy.\r\nÍt lâu sau, biết Tân - kẻ đạo đức giả đang được cả xã hội tung hô - đang chấm thi hoa hậu ở Sài Gòn, Huyền bỏ nhà vào tìm Tân để quyết giết chết kẻ phụ tình. Không tìm được Tân, tiền cạn, bước đường cùng khiến Huyền bắt đầu cuộc đời trụy lạc.\r\nVũ Trọng Phụng tả con đường \"làm đĩ\" của Huyền và đã khẳng định rằng đẩy Huyền vào con đường ấy là hai kẻ đàn ông: anh chồng và thằng cha nhân tình. Cả hai đều bỉ ổi, khốn nạn và ích kỉ đến cùng cực. Hai con người đốn mạt ấy đều là nhân vật tiêu biểu của cái thời mà Vũ Trọng Phụng gọi là: \"thế kỷ đắc thắng cho chủ nghĩa cá nhân\".\r\nHãy đọc, cảm thông cho tác giả và nhân vật Huyền đã sống và phải sống trong thời đại hỗn loạn đó.\r\n', '2018-10-10'),
(11, 16, 'Nhiều cách sống', 0, 'nhieu_cach_song.epub', 'nhieu_cach_song.pdf', 'nhieu_cach_song.jpg', 'Nguyễn Quỳnh Trang', '2001', 175, 140, 'Nhiều cách sống của nhà văn 8X Nguyễn Quỳnh Trang, cũng như tác phẩm của những nhà văn trẻ khác, đề cập đến sự hoang mang của giới trẻ - “căn bệnh” phổ biến hiện nay.\r\nLâm Lâm, một phóng viên trẻ tuổi có đời tư phức tạp, có cơ hội được tiếp xúc với những người trẻ làm nghệ thuật ở Hà Nội và thành phố Hồ Chí Minh.\r\n\r\nĐằng sau những buổi triển lãm muôn sắc màu của hội họa, của nghệ thuật trình diễn và sắp đặt là một thế giới phức tạp, có phần điên rồ của mỗi cá nhân. Bản thân Lâm Lâm cũng bị cuốn vào bức tranh sáng tối ấy, với cậu bạn trai người Mĩ, những người bạn thân thiết của cô hay một vài người làm nghệ thuật đi lướt qua cuộc sống của Lâm Lâm. Cô đồng cảm với họ, nhìn thấu niềm say mê, nỗi dằn vặt về mặt tinh thần của họ thể hiện qua các tác phẩm hội họa đương đại. Song song với những trải nghiệm trong đời sống của mình, Lâm Lâm có cơ hội va chạm với một thế giới của tình yêu đồng giới, của những bạn trẻ mang những ưu tư, nỗi khát khao ám ảnh vượt lên những quy chuẩn thông thường trong hội họa. Qua đó, một cái nhìn đa chiều về thế giới nội tâm phức tạp của con người đã dần hình thành trong suy nghĩ của Lâm Lâm. “Cứ cho, có nhiều cách sống và nhiều cách chết để sống”\r\n', '2018-10-10'),
(12, 16, 'Ăn mày dĩ vãng', 8000, 'an_may_va_di_vang.epub', 'an_may_va_di_vang.pdf', 'an_may_va_di_vang.jpg', 'Chu Lai', '2006', 277, 230, 'Hòa bình, những người lính kiêu dũng trong chiến tranh phần lớn đã \"về vườn, ăn theo, núp váy vợ. Đứa thì say xỉn tối ngày nằm trên võng nắng; đứa thì lụi hụi trồng tỉa ngoài bưng, mở mồm là càu cạu; đứa thì thở dài phìn phịt giữa một bên là bầy con nhem nhuốc, một bên là thạp gạo chỉ còn cám mùn đọng quẩn dưới đáy; thằng kia sống trụi thùi lụi một mình, hỏi nhà cửa vợ con đâu chỉ giơ cái chai đế lên cười xệch xẹo\". Nhưng cũng có những người như Quân trước là cậu bé giao liên, nay là phó chủ tịch huyện, biết làm giàu cho quê hương và cho bản thân; hoặc như Tuấn, như Tám Tính đã hòa nhập tự nhiên với cuộc sống đời thường và không những thế còn vươn lên làm chủ cuộc sống mới. Trên hết vẫn là nhân vật Hai Hùng, \"không vợ không con, không cắc bạc dính túi nhưng có mảnh quá khứ đập phập phồng trong lồng ngực\", với lý tưởng \"Cuộc đời một thằng lính còn có gì khác hơn là khôn nguôi hướng về dĩ vãng và cầu mong cho dĩ vãng đó luôn trong lành chân thật\", một cá tính ít nhiều lạc điệu trong thời hiện tại, nơi \"người ta đã hầu hết đều bảo nhau quay lưng lại với quá khứ\".\r\n	Một ngày như mọi ngày trong thời hậu chiến tại một nhà hàng sang trọng, Hai Hùng tình cờ gặp một người đàn bà với tất cả phong thái, dáng nét của người yêu cũ Ba Sương từ thời chiến tranh của anh. Người con gái bị cho là đã chết mà chính Hai Hùng là người tiến hành cướp xác và chôn cất, ngờ đâu giờ vẫn còn hiện hữu giữa nhân gian với một cái tên khác, Tư Lan, và đang rất thành đạt trên cương vị một nữ giám đốc Sở lâm nghiệp đầy quyền uy, làm ăn nức tiếng lục tỉnh miền Tây. Màn sương mờ phủ của thời gian, những hoài nghi hư thực từ lý trí của nhân vật chính không ngăn nổi linh cảm, rung động và tiếng gọi tự con tim khẳng định chắc chắn người đàn bà thành đạt kia chính là cố nhân của anh. Tất cả đã thôi thúc Hai Hùng tìm về quá khứ, sống lại một thời hoa lửa hào hùng và bi tráng ở cương vị một chiến sĩ, người đội trưởng đặc nhiệm, với những kỷ niệm tình yêu ngọt ngào bên cô y tá, xã đội trưởng Ba Sương. Đây là một hành trình lần ngược ký ức với những day dứt, ân hận của nhân vật tôi vì đã chạy vào hầm trước và không chạy ra cứu người mình yêu khi khoảng cách chỉ là ba chục mét để có thể sống chết bên nhau, để rồi thất lạc nhau từ đó và cùng cuộc tráo xác với Hai Hợi đã khiến Hai Hùng đinh ninh sự thật là Ba Sương đã hy sinh.\r\n	Nhưng cuộc kiểm tìm trong mê mải quá khứ, tình yêu, cái đẹp của nhân vật chính cũng đong đầy gian lao, trắc trở khi người tình cũ của anh thỏa hiệp với cái ác, cố tình chạy trốn quá khứ, không dám đối diện với chính mình để yên tâm sống với hiện tại (\"Ngay cả cái chuyện ai đang nằm dưới mộ kia cũng là một lý do sâu xa và bất cập để cô ấy tự chối bỏ mình\"). Trong cùng một thời điểm dường như người ăn mày quá khứ và người chạy trốn quá khứ lại cùng song hành ngược chiều nhau, để rồi cuộc tìm được và nhận ra nhau. Nhưng mọi sự đã quá muộn mằn, dẫu cuộc kiếm tìm này đã kết thúc và các bí ẩn đã được giải mã, dẫu tình yêu ngày nào dường như vẫn vẹn nguyên sự trong trẻo và thủy chung, họ lại không thể đến được với nhau nữa. Ba Sương không hy sinh trong chiến tranh, đã chết đúng cái ngày mà hai người tìm lại được nhau trong thời bình và mọi chuyện trở nên rõ ràng.\r\n	Truyện kết thúc ở một nhận định và một câu hỏi khiến người đọc không khỏi ngậm ngùi \"cuộc chiến tranh vừa qua có thể là trò đùa nhưng sự mất mát lại là có thật. Cuộc đời hôm nay có thể chỉ là tấn tuồng nhưng nỗi buồn không bao giờ là một màn kịch cả\".\r\n', '2018-10-10'),
(13, 17, 'Đại chúa tể.', 0, 'dai_chua_te.epub', 'dai_chua_te.pdf', 'dai_chua_te.jpg', 'Thiên Tàm Thổ Đậu', '2009', 268, 201, 'Ở truyện mới này của Lão Đậu, chúng ta có thể gặp lại Viêm Đế Tiêu Viêm, Huân Nhi, hay Lâm Động trong Vũ Động Càn Khôn.\r\nĐại thiên thế giới, nơi các vị diện giao nhau, vạn tộc hiện lên như nấm, quần hùng tụ hội, một vị Thiên chi chí tôn đến từ hạ vị diện tại vô tận thế giới diễn lại một truyền kỳ mà mọi người hướng tới, theo đuổi con đường Chúa tể.\r\nHỏa vực vô tận, Viêm Đế nắm giữ, vạn hỏa đốt trời xanh. Trong võ cảnh, Võ Tổ chi uy, chấn nhiếp càn khôn. Bắc Hoang khâu, Vạn Mộ địa, Bất Tử chi chủ trấn thiên địa. Tây Thiên điện, Bách Chiến chi hoàng, chiến uy không thể địch.\r\nThiếu niên bước ra từ Bắc Linh cảnh, cưỡi Cửu U Minh Tước xông đến thế giới hỗn loạn đầy đặc sắc, con đường Chúa tể, ai nổi ai chìm? Đại thiên thế giới, vạn đạo tranh phong, ta làm đại chúa tể.\r\n', '2018-10-10'),
(14, 18, 'Quảng thời gian trong hồi ức', 0, 'quang_thoi_gian_trong_hoi_uc.epub', 'quang_thoi_gian_trong_hoi_uc.pdf', 'quang_thoi_gian_trong_hoi_uc.jpg', 'Diệp Tử', '2015', 972, 650, '“… Có lẽ đã từng lướt qua nhau trong biển người mênh mông, lúc ngoảnh đầu nhìn lại sẽ có cảm giác quen thuộc. Cũng có thể một phía vẫn còn độc thân, ánh mắt đăm đắm nhìn dán vào người kia. Cũng không loại trừ cả hai vẫn một mình, nhìn nhau nở nụ cười, sau đó hoặc sẽ tiếp tục duyên phận trước kia, hoặc sẽ vì hàng vạn nguyên do mà lại bỏ qua nhau lần nữa.…Mà mấy năm nay, trong thành phố không to không nhỏ này, họ chưa từng gặp lại.… Không ai ngờ rằng, gặp nhau, lại trong tình cảnh đó. ”\r\n\r\nNgày thứ ba sau đám cưới Dư Tịnh vô tình gặp lại mối tình đầu của mình - Trình Lãng. Giờ đây cô lại xuất hiện trước mặt anh với tư cách chị dâu họ. Kinh ngạc, bối rối, xúc động, những kí ức tươi đẹp đã qua cứ không ngừng hiện về chiếm lấy tâm trí họ. Khi mọi hiểu lầm đã được hóa giải, hai con người ấy sẽ làm gì để đối diện với tình cảm cũ và hoàn cảnh mới?\r\n', '2018-10-10'),
(15, 19, 'Trạng Quỳnh', 0, 'trang_quynh.epub', 'trang_quynh.pdf', 'trang_quynh.jpg', 'Khuyết danh', '2016', 2510, 2000, 'Trạng Quỳnh dân gian là Nguyễn Quỳnh, sống dưới thời vua Lê, chúa Trịnh, quê ở làng Bột Thượng nay là xã Hoằng Lộc, huyện Hoằng Hóa, tỉnh Thanh Hóa.\r\nNguyễn Quỳnh (1677–1748 có tài liệu chép 1720–1770) là một danh sĩ thời Lê–Trịnh (vua Lê Hiển Tông), từng đỗ Hương cống nên còn gọi là Cống Quỳnh. Ông nổi tiếng với sự trào lộng, hài hước tạo nên nhiều giai thoại nên trong dân gian vẫn thường gọi ông là Trạng Quỳnh dù ông không đỗ Trạng nguyên.\r\nÔng còn có tên Thưởng, hiệu Ôn Như, thụy Điệp Hiên, quê tại làng Bột Thượng, xã Hoằng Lộc, huyện Hoằng Hóa, tỉnh Thanh Hóa. Thân sinh ông là ông Nguyễn Bổng và bà Nguyễn Thị Hương.\r\nThuở nhỏ, ông học với ông nội và cha (vốn là giám sinh ở Quốc Tử Giám). Năm 1696, Quỳnh thi đỗ Giải nguyên, nhưng đi thi Hội nhiều lần bị hỏng.\r\nVề sau, triều đình bổ nhậm ông làm giáo thụ các huyện Thạch Thất, Phúc Lộc (Sơn Tây), tiếp đến làm huấn đạo phủ Phụng Thiên ở kinh thành Thăng Long. Năm 1718, đỗ khoa Sỹ vọng được bổ làm tri phủ Thái Bình, rồi về làm Viên ngoại lang ở Bộ Lễ; sau bị giáng xuống chức Tu soạn ở Viện Hàn lâm.\r\nTuy không đỗ cao, Quỳnh vẫn nổi tiếng là người học hành xuất sắc. Đương thời đã có câu: “Nguyễn Quỳnh, Nguyễn Nham, thiên hạ vô tam” (nghĩa là thiên hạ không có người thứ ba giỏi như hai ông).\r\nSách “Nam Thiên lịch đại tư lược sử” đã nhận xét về ông: “… Nguyễn Quỳnh văn chương nổi tiếng ở đời, nói năng kinh người, thạo quốc âm, giỏi hài hước…”.\r\nTác phẩm còn lại của Nguyễn Quỳnh, gồm một số bài ký, văn tế mẹ, văn khóc em (vốn tài hoa, nhưng chết yểu ở tuổi 14) và hai bài phú chép trong tập: “Lịch triều danh phú”. Lịch triều danh phú là tuyển tập của các danh sĩ thời bấy giờ, tất cả đều đỗ đại khoa, chỉ có hai người đỗ Hương cống là Nguyễn Quỳnh và Đặng Trần Côn.\r\nTương truyền Trạng Quỳnh là bạn thơ của nữ sĩ Đoàn Thị Điểm.\r\nDo tính cách trào phúng nên dân gian thường đồng hóa ông vào nhân vật Trạng Quỳnh – một ông Trạng dân gian nổi tiếng với tính trào lộng.\r\nĐể tôn vinh ông, nhà nước Việt Nam đã cho xây dựng nhà lưu niệm Trạng Quỳnh tại quê hương ông.\r\n', '2018-10-10'),
(16, 20, 'Nguồn gốc dân tộc Việt Nam', 5000, 'nguon_goc_dan_toc_viet_nam.epub', 'nguon_goc_dan_toc_viet_nam.pdf', 'nguon_goc_dan_toc_viet_nam.jpg', 'Đào Duy Anh', '2008', 973, 800, 'Trong khóa Đông-phương cổ-sử tôi nhận giảng ở trường Đại-học cách đây mấy tháng, tôi mới bắt đầu giảng về Việt-nam cổ-sử được ít lâu thì trường Đại-học đình giảng. Có mấy người sinh viên yêu cầu tôi cho xuất bản luôn cả tập giảng khóa ấy, hoặc công bố những tập khảo biện về Việt-nam cổ-sử mà tôi đã căn cứ để soạn bài giảng, để giúp những người sinh-viên học cổ-sử có thể tiếp tục sự nghiên cứu của họ. Cố nhiên tôi không thể xuất bản tập giảng khóa được, vì chương trình cả năm tôi mới giảng được hai tháng, còn tập khảo biện về cổ-sử thì trong tình trạng xuất bản hiện thời tôi không thấy có một cơ quan xuất bản chuyên môn nào để công bố nó được. Nhưng muốn thù đáp một phần nhỏ cái kỳ vọng của các bạn muốn nghiên cứu cổ-sử nước nhà để tìm biết nguồn gốc của dân tộc, tôi viết quyển sách nhỏ này, không phải là lược thuật cả lịch sử cổ-đại của ta, mà chỉ xét về một vấn-đề chủ yếu, có thể nói là vấn đề tổng hợp trong cổ-sử.\r\nNhưng tôi xin nói trước rằng đây chỉ là một quyển sách phổ thông, rất phổ thông, cho nên tôi nhất thiết tránh những chi tiết rườm rà, tránh không viện dẫn thư tịch, mà cũng không thể trưng dẫn chứng minh và biện giải những vấn đề cần thảo luận, chỉ trích những điều đại cương và những điều kết luận trọng yếu mà trực thuật để độc giả có thể xem qua và nhận thấy ngay con đường hình thành của dân tộc và văn hóa Việt-nam ở đời xưa.\r\nTôi lại phải xin các nhà sử-học chuyên môn lượng xét cho rằng vì những điều kiện xuất bản chưa thuận tiện nên tôi không thể đem những chủ-trương riêng ra chất chính cùng các ngài trước khi trình bày công chúng. Tôi biết làm như thế là đắc tội với các ngài nhiều lắm, chỉ xin bày tỏ hai lẽ sau này để mong các ngài lượng thứ cho.\r\n', '2018-10-10'),
(17, 20, 'Góc nhìn sử Việt - Hải ngoại ký sự', 10000, 'goc_nhin_su_viet.epub', 'goc_nhin_su_viet.pdf', 'goc_nhin_su_viet.jpg', 'Thích Đại Sán', '2017', 160, 100, 'Năm 1695, theo lời mời của chúa Nguyễn Phúc Châu, Thích Đại Sán từ Quảng Đông - Trung Hoa đã đến vùng Thuận Quảng và lưu lại ở đây từ mùa xuân năm Ất Hợi - 1695 đến mùa hạ năm Bính Tý - 1696. Trong khoảng thời gian đó, ngoài việc sáng tác nhiều tác phẩm thơ ca,… Thiền sư Thích Đại Sán còn ghi chép các sự việc liên quan đến văn hóa, xã hội thời bấy giờ ở vùng Thuận Quảng và tất cả được tập hợp thành tác phẩm Hải ngoại kỷ sự với bài tựa giới thiệu do Đại Việt quốc vương Nguyễn Phúc Châu đề.\r\nSách này do Đại Sán Hán Ông đời nhà Thanh soạn, tất cả 6 quyển. Khang Hy năm Giáp Tuất, đáp ứng lời mời của Việt vương, ông đi qua Quảng Nam; những nơi trải qua, sơn xuyên, hình thế, phong thổ, tập tục ông đều ghi chép tất cả, xen lẫn những thơ văn rất tao nhã hứng thú. Ông chính là một ẩn giả lánh mình trong cửa thiền vậy. Cừu Triệu Ngao bảo sách này gồm có cái hay của Đỗ Thiếu Lăng, Liễu Tứ Hậu, có thể bổ khuyết những điều mà các sách Sơn hải kinh, Hải chí, Chức phương ký, Vương hội đồ chưa từng chép đến…”.\r\n(Bút ký tiểu thuyết đại quan)\r\n', '2018-10-10'),
(18, 20, 'Đường bác Hồ đi cứu nước', 0, 'duong_bac_ho_di_cuu_nuoc.epub', 'duong_bac_ho_di_cuu_nuoc.pdf', 'duong_bac_ho_di_cuu_nuoc.jpg', 'Nhiều tác giả', '2011', 839, 750, 'Đường Bác Hồ đi cứu nước là một tập hợp các câu chuyện về con đường Bác Hồ đi cứu nước từ khi rời bến cảng nhà rồng cho đến lúc Bác về với cây đa Tân Trào. Đến với cuốn sách bạn sẽ thấy những ngày gian khổ của Bác và các đồng chí của mình khi tìm lối thoát cho dân tộc khỏi bị áp bức. Các câu chuyện được trình bày dung dị nhưng toát lên được tinh thần của vị cha già dân tộc.\r\n\r\nMột cuốn sách lịch sử nhưng không hề khô khan, bạn sẽ phải phì cười khi biết Bác và các đồng đội của mình tìm được một chỗ ẩn náu lý tưởng trong màn sương nhưng đến khi sương tan mới biết mình đang ở giữa cánh đồng lớn. Và còn rất nhiều những cậu chuyện khác không kém phần thú vị khác chờ đón bạn khám phá.\r\n', '2018-10-10'),
(20, 22, 'Trật tự thế giới', 15000, 'trat_tu_the_gioi.epub', 'trat_tu_the_gioi.pdf', 'trat_tu_the_gioi.jpg', 'Henry Kissinger', '2014', 902, 577, 'Trong tác phẩm Trật Tự Thế Giới, Kissinger xuất phát từ Hòa ước Westphalia để phân tích về tương quan giữa các nước, chủ yếu là các cường quốc và các khu vực giữ một vai trò đặc biệt đối với bức tranh địa chính trị thế giới, với những khác biệt trong thế giới quan và vị trí địa lý đã ảnh hưởng đến chính sách ngoại giao của mỗi nước như thế nào. Tác giả dành chương cuối (chương 9) để bàn về vấn đề toàn cầu hoá trong thời đại khoa học công nghệ, đặc biệt là tin học và truyền thông đại chúng lan tràn đã tác động mạnh mẽ đến dư luận, các nhà lãnh đạo và các quyết định chính trị hiện nay.\r\nTheo cách nhìn của Kissinger thì trật tự thế giới ngày nay cần được đặt trên hai yếu tố căn bản:\r\n1. Nguyên tắc tôn trọng chủ quyền của mỗi quốc gia có tính chính danh dựa trên căn bản của các hiệp ước và tổ chức quốc tế;\r\n2. Và để đảm bảo duy trì hòa bình và ổn định trên thế giới cũng như các khu vực, cần phải dựa trên một sự cân bằng quyền lực mà chủ yếu phụ thuộc vào các cường quốc thế giới và khu vực.\r\nĐể có một trật tự quốc tế tồn tại và bền vững, Kissinger cho rằng nó phải liên quan đến \"quyền lực có tính chính danh.\" Tới cuối cùng, Kissinger, con người thực tế và nổi tiếng, lại có vẻ duy tâm đến mức ngạc nhiên. Thậm chí khi có những sự xung đột giữa các giá trị Mỹ và các mục tiêu khác, ông khích lệ chúng ta hãy tiếp tục đứng lên vì những giá trị đó, không lẩn tránh; đi đầu trong việc trợ giúp các quốc gia dân tộc, các lực lượng chính danh, chứ không chỉ các chính phủ đơn độc, nếu những sự trợ giúp ấy đảm bảo cho cán cân quyền lực có thể chống đỡ trật tự quốc tế, cũng như những giá trị và nguyên tắc của chúng ta có thể được những người khác chấp nhận và hấp dẫn họ. - Hillary Clinton.\r\n', '2018-10-10'),
(21, 23, 'Sự khủng hoảng của hồi giáo.', 6000, 'su_khung_hoang_cua_hoi_giao.epub', 'su_khung_hoang_cua_hoi_giao.pdf', 'su_khung_hoang_cua_hoi_giao.jpg', 'Bernard Lewis', '2016', 267, 120, 'Tổng thống Bush và các chính khách phương Tây đã khá chật vật để chỉ ra rằng cuộc chiến mà nước Mỹ đang tham gia là cuộc chiến chống lại chủ nghĩa khủng bố − chứ không phải là chống người Ả Rập, hoặc nói rộng hơn là chống lại người Hồi giáo, là những người được khuyến khích cùng chung sức với chúng ta trong cuộc chiến chống kẻ thù chung. Nhưng thông điệp của Usama bin Ladin thì khác hẳn. Đối với bin Ladin và những người theo ông ta đây là một cuộc chiến tôn giáo, một cuộc chiến của người Hồi giáo chống lại những kẻ vô đạo, và vì thế đương nhiên là chống lại nước Mỹ, cường quốc lớn nhất trong thế giới của những kẻ vô đạo.\r\nTrong các tuyên bố của mình, bin Ladin luôn luôn dẫn chứng lịch sử. Một trong những dẫn chứng gây ấn tượng nhất được nêu trong cuốn băng video ngày 7 tháng Mười năm 2001, về “sự ô nhục và tủi hổ mà đạo Hồi đã phải gánh chịu trong hơn 80 năm qua”. Đối với bối cảnh Trung Đông, đa số các nhà quan sát người Mỹ − và đương nhiên, có người Âu − bối rối bắt đầu tìm hiểu cái gì đã xảy ra “trong hơn 80 năm trước” và cuối cùng đưa ra nhiều câu trả lời khác nhau. Chúng ta có thể tin phần nào là những đối tượng của bin Ladin hiểu rõ ngay ý nghĩa những lời nói bóng gió này...\r\n', '2018-10-10'),
(22, 24, 'Emile hay là về giáo dục', 0, 'emili_hay_la_ve_giao_duc.epub', 'emili_hay_la_ve_giao_duc.pdf', 'emili_hay_la_ve_giao_duc.jpg', 'Jean Jacques Rousseau', '2009', 442, 260, 'Mang một văn phong hài hòa giữa văn chương và triết lý, Émile hay là về giáo dục được các nhà phê bình trên thế giới đánh giá không chỉ là một chuyên luận về giáo dục, mà còn là một tác phẩm về \"nghệ thuật hình thành con người\".\r\nQua nhân vật hư cấu trong cuốn tiểu thuyết là cậu bé Émile, nhà văn muốn chỉ ra mục đích của sự giáo dục nhằm đào tạo một con người tự do, có khả năng tự bảo vệ chống mọi sự gò ép khiên cưỡng.\r\nCuộc đời của Émile được đề cập trong tác phẩm trọn vẹn từ khi cậu ra đời, bập bẹ tập nói đến giai đoạn Émile 20-25 tuổi (độ tuổi khôn lớn và lập gia đình). Khi còn bé, Émile được hướng vào việc học tập, vui chơi giải trí phù hợp với lứa tuổi, đến khi trở thành một chàng trai độc lập, anh được giáo dục về giới tính, thẩm mỹ, tri thức và tình cảm...\r\nBách khoa toàn thư Việt Nam nhận xét Émile hay là về giáo dục là tác phẩm \"thể hiện lòng yêu trẻ tha thiết, tinh thần dân chủ và chủ nghĩa nhân văn, tôn trọng tự do và nhân phẩm con người\". Ở Nhật Bản, người ta bắt buộc tất cả giáo viên mầm non phải đọc cuốn sách này trước khi bước vào nghề.\r\n\r\nJean-Jacques Rousseau (1712-1778), nhà triết học, nhà văn, kịch tác gia xuất thân từ một gia đình gốc Pháp. Tư tưởng sư phạm của ông được phản ánh trong các đề án cải cách giáo dục quốc dân của Pháp thời Cách mạng 1789 và có ảnh hưởng đến nhiều nhà tư tưởng - sư phạm, như J. H. Pestalozzi, A. S. Makarenko, J. Dewey… Đến nay, Émile hay là về giáo dục vẫn là tác phẩm được đọc nhiều nhất và phổ cập nhất về đề tài này.\r\nVới tư cách là một nhà văn, ông nổi tiếng trên văn đàn với những tác phẩm như Julie hay nàng Héloise mới (1761), Thú nhận (1782), Những mơ mộng của một người dạo chơi cô độc (1772-1778). Rousseau là đại biểu xuất sắc của chủ nghĩa linh cảm trong lý luận văn học và sân khấu, là người có ảnh hưởng lớn đến toàn bộ nền văn học châu Âu không chỉ trong thời đại Khai sáng.\r\n', '2018-10-10'),
(23, 24, 'Phương pháp giáo dục con của người Do Thái', 0, 'phuong_phap_giao_duc_con_cua_nguoi_do_thai.epub', 'phuong_phap_giao_duc_con_cua_nguoi_do_thai.pdf', 'phuong_phap_giao_duc_con_cua_nguoi_do_thai.jpg', 'Trần Hân', '2017', 1266, 1000, '\"Người Do Thái là dân tộc thông minh nhất thế giới, họ dường như được sinh ra là để làm chủ thế giới này\". Dù không phải là một chủng tộc lớn, đất nước Do Thái chỉ có hơn 7 triệu dân nhưng không một nhóm chủng tộc nào có thể sánh được với người Do Thái về khả năng và thành tích vượt trội. Góp phần làm biến động lịch sử nhân loại thế kỉ XX, phải kể đến nhà khoa học vĩ đại Albert Einstein, bộ óc của thế kỉ Sigmund Freud, họa sĩ theo trường phái lập thể Picasso, người sáng tạo ra chủ nghĩa Cộng sản Karl Marx hay những người giàu nhất thế giới như Bill Gates, Warren Bufett, Micheal Dell... Nói về người Do Thái thì ai trong chúng ta cũng đều trầm trồ ngưỡng mộ và khâm phục.\r\n	Có bao giờ bạn tự hỏi tại sao họ lại có trí tuệ phi thường như vậy? Tại sao họ lại được sinh ra với quá nhiều ưu việt như thế? Có phải tất cả đều là tự nhiên? Liệu Việt Nam chúng ta có thể tạo ra những thế hệ ưu việt như thế không? Tất cả câu hỏi trên đều có thể được giải đáp bởi chính các bạn và cuốn sách bạn đang cầm trên tay.\r\n	Cuốn sách chia sẻ bí quyết trở thành thiên tài của người Do Thái. Trí tuệ phi thường của họ không tự nhiên mà có, sở dĩ người Do Thái có trí tuệ siêu Việt như vậy, bởi họ có một nền tảng giáo dục vững chắc, cha mẹ Do Thái rất coi trọng sự giáo dục con cái. Bạn sẽ ngạc nhiên bởi phương pháp giáo dục con tuyệt vời của người Do Thái qua cuốn sách này. Trẻ em Do Thái ngay từ nhỏ không chỉ được rèn luyện về trí tuệ, khả năng sinh tồn, các phẩm chất đạo đức mà còn được giáo dục về cách quản lí tài chính, giá trị của đồng tiền, sự thành tín trong kinh doanh, về việc tự bảo vệ sức khỏe của mình “một cơ thể khỏe mạnh là tiền đề của hạnh phúc”...\r\n	Cuốn sách gồm 7 chương, 56 mục, mỗi mục đều có ví dụ sinh động và trực tiếp cách dạy con của người Do Thái. Với những phương pháp dạy con cái thực tế, linh hoạt sẽ giúp các bậc cha mẹ bồi dưỡng nên những người con thiên tài. Bằng lối viết nhẹ nhàng, tinh tế tạo cho người đọc cảm giác gần gũi, dễ hiểu.\r\n	Hi vọng các bậc cha mẹ có thể lĩnh ngộ được quan niệm giáo dục con cái người Do Thái. Học tập và vận dụng kinh nghiệm giáo dục của họ là món quà tuyệt vời giúp con bạn thành công trong tương lai.\r\n', '2018-10-10'),
(24, 24, 'Nền giáo dục của người giàu', 4000, 'nen_giao_duc_cua_nguoi_giau.epub', 'nen_giao_duc_cua_nguoi_giau.pdf', 'nen_giao_duc_cua_nguoi_giau.jpg', 'Michael Ellsberg', '2015', 783, 601, 'Phải học đại học thì sau này mới thành công? Điều đó chưa chắc đã đúng! Một số người thông minh nhất, thành công nhất trên thế giới chưa từng có bằng đại học. Vậy những kiến thức họ học được, những kỹ năng họ sử dụng, họ đã lấy từ đâu? Cuốn sách Nền giáo dục của người giàu được Alpha Books xuất bản trong tháng 5 này sẽ cho bạn biết điều đó và giúp bạn tìm ra một con đường mới để đi tới thành công.\r\n	Thành công là thứ mà tất cả chúng ta đều muốn có. Nhưng nó không dễ dàng đến như chúng ta mong muốn. Thực tế cho thấy có rất nhiều người có bằng cấp, học lực tốt nhưng vẫn thất nghiệp, hoặc đi làm với mức thu nhập không cao. Bên cạnh đó, bạn cũng có thể thấy trên khắp thế giới cũng như ngay ở Việt Nam có hàng trăm, hàng ngàn tỉ phú, triệu phú, những vị giám đốc, họ thành công mà không có bằng đại học, thậm chí là trình độ học vấn rất thấp. Đại học không phải là con đường duy nhất để đến thành công. Bạn hoàn toàn có thể gây dựng nên sự nghiệp mà không cần đến tấm bằng đại học. Sự thành công trên ghế nhà trường không đảm bảo cho sự thành công trong sự nghiệp. Vậy, những gì bạn cần làm là gì ?\r\n	Bạn sẽ thấy được điều đó khi đọc Nền giáo dục của người giàu của Michael Ellsberg. Tác giả đã phỏng vấn các tỉ phú và triệu phú không có bằng đại học, bao gồm ông trùm thời trang Russell Simmons, chủ tịch đồng sáng lập Facebook Sean Parker... Bên cạnh đó, Michael Ellsberg còn đưa ra những chỉ dẫn tuyệt vời để bạn tiến tới thành công bằng những kỹ năng vô cùng đơn giản: Để tìm được người hướng dẫn, cách tạo hứng thú trong công việc, cách xây dựng phong cách cá nhân và nhiều hơn thế nữa.\r\n	‘’Trong xã hội ngày nay, thành công của bạn phụ thuộc vào các kỹ năng mềm và ứng dụng trong cuộc sống nhưng những điều này không được dạy trong chương trình đào tạo ở trường học. Cuốn sách mang tính đột phá của Ellsberg cung cấp cho bạn những bài học thực tế để bạn lấp đầy những lỗ hổng giáo dục đó” (Keith Ferrazzi, tác giả cuốn sách nổi tiếng Ai che lưng cho bạn). Cho dù bạn đã từng bỏ học, chưa có bằng đại học, hay bạn đã tốt nghiệp trường đại học danh tiếng như Harvard thì Nền giáo dục của người giàu cũng giúp bạn thành công trong cuộc sống. Cuốn sách được xem là ‘’Giáo trình cho một cuộc sống thành công.’’\r\n', '2018-10-10'),
(25, 25, 'Vật Lý Lý Thú', 10000, 'vay_ly_ly_thu.epub', 'vay_ly_ly_thu.pdf', 'vay_ly_ly_thu.jpg', 'Thế Trường - Phan Tất Đắc', '2017', 573, 420, 'Vật lý lý thú là cuốn sách thuộc Tủ sách hiếu học, giới thiệu một cách hấp dẫn, lý thú, sinh động hoá những kiến thức vật lý đơn giản nhất mà bạn đọc đã có. Mục đích của cuốn sách là kích thích sự hoạt động của trí tưởng tượng khoa học, tập cho bạn đọc quen suy nghĩ theo tinh thần của khoa học vật lý và phát triển thói quen áp dụng kiến thức vào nhiều mặt của đời sống. Vì vậy trong \"Vật lý lý thú\" việc mô tả những thí nghiệm có hiệu lực chỉ giữ vị trí thứ yếu; còn những đề tài vật lí hóc búa, những bài toán lí thú, những nghịch lí bổ ích, những câu hỏi ngoắt ngoéo, những sự so sánh bất ngờ rút ra từ lĩnh vực vật lý học v. v... thì lại chiếm vị trí hàng đầu.\r\nSoạn giả đã tìm kiếm những tài liệu như thế trong phạm vi các hiện tượng thường gặp trong đời sống, trong kĩ thuật, trong tự nhiên, trong các tiểu thuyết khoa học tưởng tượng.\r\nMời các bạn đón đọc Vật Lý Lý Thú của hai tác giả Thế Trường & Phan Tất Đắc.\r\n', '2018-10-10'),
(26, 26, '10 Vạn câu hỏi vì sao Hóa Học', 0, '10_van_cau_hoi_vi_sao.epub', '10_van_cau_hoi_vi_sao.pdf', '10_van_cau_hoi_vi_sao.jpg', 'Nguyễn Văn Mậu', '2014', 389, 230, 'Tuổi thơ là khoảng thời gian đẹp nhất trong cuộc đời mỗi người. Ở lứa tuổi này luôn tràn đầy hy vọng, ước mơ, cùng những ngây thơ trong sáng buổi ban đầu. Đứng trước thế giới với bao điều kỳ diệu, mang trong mình sự tò mò, khát vọng tìm hiểu, câu nói thường thấy nhất ở trẻ là “Vì sao?”. Để có thể trả lời chính xác câu hỏi của trẻ, không phải là việc đơn giản. Các nghiên cứu cho thấy, sự phát triển của bộ não trẻ diễn ra nhanh nhất vào tuổi 13 trở về trước, là một phụ huynh, khi không mang lại cho trẻ cơ hội suy nghĩ, tìm hiểu, có thể bạn sẽ phải rất ân hận! Thế giới ngày nay phát triển nhanh chóng, kho tàng kiến thức là vô hạn, luôn được đổi mới với tốc độ chóng mặt.\r\nCũng xuất phát từ những suy nghĩ trên, bộ sách Mười vạn câu hỏi vì sao mang lại những câu trả lời cho các em theo từng chủ đề mà các em ham tìm hiểu như: vũ trụ, trái đất, con người, thế giới tự nhiên, xã hội, khoa học… Sách sử dụng ngôn ngữ dễ hiểu, kết hợp những hình ảnh minh họa sinh động, sẽ đem đến cho các em những kiến thức cơ bản, chứa đựng nội dung phong phú, khái quát rộng rãi kiến thức xưa nay, giúp các em vui vẻ, thoải mái, tự tin tiến lên trên con đường thành công tương lai.\r\n', '2018-10-10'),
(27, 27, 'Dạy trẻ học toán', 0, 'day_tre_hoc_toan.epub', 'day_tre_hoc_toan.pdf', 'day_tre_hoc_toan.jpg', 'Glenn Doman', '2012', 565, 430, 'Bằng cách phát triển tư duy và các kỹ năng giải quyết vấn đề, Dạy trẻ học Toán sẽ cho chúng ta thấy việc dạy toán cho trẻ thật đơn giản và thú vị. Cuốn sách sẽ chỉ rõ cách bắt đầu và phát triển chương trình học Toán cho trẻ, cách chế tạo, sắp xếp các dụng cụ học toán cho trẻ và cả cách bố trí thời gian học Toán phù hợp với từng giai đoạn tuổi của con bạn nữa.\r\n\r\nBằng cách áp dụng những chương trình trong cuốn sách này một cách tự nhiên và thoải mái, bạn sẽ giúp con có những giờ học thú vị mà vô cùng bổ ích. Hãy bắt đầu để tạo dựng cho con của bạn những lợi thế năng lực trong suốt cuộc đời.\r\nGlenn Doman và Janet Doman, 2 tác giả của những cuốn sách dành cho cha mẹ bán chạy nhất tại Mỹ, đã chứng minh rằng trẻ nhỏ có khả năng học hỏi nhiều hơn cả những gì chúng ta tưởng tượng. Những công trình khảo sát đặc biệt đã cho thấy trẻ em từ 0 đến 6 tuổi có thể học tốt và nhanh hơn những trẻ ở độ tuổi lớn hơn. Với tư cách là sáng lập viên của Viện Nghiên cứu Tiềm năng Con người, Glenn Doman đã lập nên những chương trình giáo dục tại nhà mà bất cứ bậc cha mẹ nào cũng có thể áp dụng cho con cái mình.\r\nGlenn Doman tốt nghiệp ngành vật lý trị liệu vào năm 1940 tại Đại học Pennsylvania. Từ đó, ông bắt đầu trở thành người đi tiên phong trong lĩnh vực phát triển trí tuệ cho trẻ em. Vào năm 1955, ông thành lập Viện nghiên cứu các Thành tựu Tiềm năng Con người tại Philadelphia, bang Pennsylvania. Doman còn là tác giả ăn khách của bảy cuốn sách, trong đó có How to teach your baby to read (Dạy trẻ biết đọc sớm), How to teach your baby math (Dạy bé học Toán như thế nào?) và How to multiply your baby’s intelligence (Giúp bé phát triển trí tuệ như thế nào?)\r\nJanet Doman là Giám đốc của Viện nghiên cứu Thành tựu Tiềm năng Con người, cô cũng chính là con gái của Glenn Doman. Cô lớn lên tại Viện và tham gia vào các hoạt động giúp đỡ trẻ bị tổn thương về não khi mới chỉ chín tuổi. Sau khi hoàn thành chương trình học tại Đại học Pennsylvania, Janet đã cống hiến cả đời mình cho sự nghiệp tạo nên “các bậc cha mẹ tuyệt vời nhất trên thế giới”, bà giúp họ khám phá tiềm năng to lớn của con cái mình và cả tiềm năng trở thành các nhà sư phạm tuyệt vời của chính họ nữa.\r\n', '2018-10-10');
INSERT INTO `sach` (`masach`, `madmct`, `tensach`, `giaban`, `link_epub`, `link_pdf`, `hinhanh`, `tentacgia`, `namxb`, `soluongdoc`, `soluongtai`, `gioithieu`, `ngaydang`) VALUES
(28, 29, '365 lời khuyên về sức khỏe', 0, '365_loi_khen_ve_suc_khoe.epub', '365_loi_khen_ve_suc_khoe.pdf', '365_loi_khen_ve_suc_khoe.jpg', 'Viện thông tin thư viện y học TW', '2013', 268, 120, 'Không có giới thiệu cụ thể', '2018-10-10'),
(29, 29, 'Những vị thuốc quanh ta.', 0, '', 'Những vị thuốc quanh ta.pdf', 'Những vị thuốc quanh ta.jpg', 'Đức Minh', '2012', 462, 302, 'Lãnh thổ Việt Nam nằm trọn trong vùng nhiệt đới với bốn miền khí hậu ở phía bắc, phía nam, miền Trung - Nam Trung bộ và biển đông. Khí hậu thay đổi theo mùa, từ thấp lên cao, từ bắc vào nam, từ đông sang tây, hình thành nên các miền và các vùng khí hậu khác nhau rõ rệt. Đây cũng là điều kiện thuận lợi cho các loài cây, loài hoa phát triển.\r\n\"Mùa nào, thức nấy\" mỗi vùng miền đều có những loài hoa quả, rau củ đặc trưng. Thế nhưng ít ai biết rằng những loài hoa, những loài cây chúng ta trông thấy hay những những loại rau củ, quả mà chúng ta ăn hàng ngày lại là những vị thuốc quý đã được dân gian lưu truyền và sử dụng trong việc phòng và chữa nhiều chứng bệnh.\r\n', '2018-10-10'),
(30, 29, 'Dinh dưỡng và sức khỏe', 5000, 'dinh_duong_va_suc_khoe.epub', '', 'dinh_duong_va_suc_khoe.jpg', 'Nguyễn Ý Đức', '2016', 458, 130, 'Một phần quan trọng - gần như trọng tâm của bộ sách - được dành để bàn đến mối tương quan giữa dinh dưỡng và các bệnh tật thường gặp như: tiểu đường, tim mạch, cao huyết áp, viêm gan, táo bón... Tác giả luôn có những lời khuyên hữu ích nhằm đặt căn bản vững chắc cho một cuộc sống khoẻ mạnh, ít bệnh tật.Nói chung, bộ sách nhắm đến trả lời phần lớn những câu hỏi liên quan đến vấn đề ăn uống, nhưng đặc biệt cung cấp cho bạn đọc một cách chi tiết hơn những gì cần biết trong việc ăn uống hằng ngày, khi đang khoẻ mạnh cũng như khi có bệnh.', '2018-10-10'),
(31, 30, 'Tuổi dậy thì', 0, '', 'tuoi_day_thi.pdf', 'tuoi_day_thi.jpg', 'Tố Hoài', '2013', 798, 520, 'Có thể coi đặc điểm tiêu biểu nhất của tuổi dậy thì là sự phát triển “nước rút”. Nó bộc lộ ở hệ cơ. Các cậu con trai lúc này có một lượng tế bào cơ rất lớn, vì vậy các cậu khỏe ra trông thấy. Lớp mỡ dưới da của phần lớn con trai và cả ở một số cô gái hao đi một cách đáng kể. Sự biến đổi này dẫn đến những thay đổi trong cấu trúc cơ thể: con trai cao lên, vai rộng ra, con gái tròn trặn dần, xương chậu rộng ra. Quyển sách Tuổi Dậy Thì - Giới Tính, Tránh Thai, Bệnh Tật đưa ra những quan niệm mới hơn về giai đoạn biến đổi của cơ thể con người, tài liệu làm sáng tỏ những vấn đề của tuổi dậy thì như : sự thay đồi của cấu tạo cơ thể, tâm sinh lý, các cơ quan, và đưa ra những lời khuyên hữu ích cho các bạn trẻ khi trải quả thời kỳ này.', '2018-10-10'),
(41, 21, 'Những trận hải chiến nổi tiếng thế giới', 0, 'nhung_tran_hai_chien_noi_tieng.epub', 'nhung_tran_hai_chien_noi_tieng.pdf', 'nhung_tran_hai_chien_noi_tieng.jpg', 'Nhiều tác giả', '2016', 3, 0, '<p>Cuốn s&aacute;ch kh&ocirc;ng chỉ dừng lại ở việc m&ocirc; tả chi tiết bối cảnh, kế hoạch, lực lượng tham chiến, diễn biến v&agrave; kết quả 12 trận hải chiến nổi tiếng từ năm 480TCN đến 1982, m&agrave; c&ograve;n đi s&acirc;u ph&acirc;n t&iacute;ch &yacute; nghĩa, b&agrave;i học kinh nghiệm để qua đ&oacute; độc giả c&oacute; thể h&igrave;nh dung một c&aacute;ch tương đối kh&aacute;i qu&aacute;t tiến tr&igrave;nh ph&aacute;t triển của lực lượng hải qu&acirc;n tr&ecirc;n thế giới.</p>\r\n', '2018-11-05');

-- --------------------------------------------------------

--
-- Cấu trúc bảng cho bảng `tintucsach`
--

CREATE TABLE `tintucsach` (
  `matt` int(10) NOT NULL,
  `tieude` varchar(300) COLLATE utf8_unicode_ci NOT NULL,
  `anhnen` varchar(100) COLLATE utf8_unicode_ci NOT NULL,
  `noidung` text COLLATE utf8_unicode_ci NOT NULL,
  `ngaytao` date NOT NULL
) ENGINE=InnoDB DEFAULT CHARSET=utf8 COLLATE=utf8_unicode_ci;

--
-- Đang đổ dữ liệu cho bảng `tintucsach`
--

INSERT INTO `tintucsach` (`matt`, `tieude`, `anhnen`, `noidung`, `ngaytao`) VALUES
(2, 'Cuốn truyện hái ra tiền của Việt Nam, họa sĩ nhận ', 'tintuc2.jpg', '<p><strong>Họa sĩ H&ugrave;ng L&acirc;n kể, mỗi tuần &ocirc;ng phải xong một cuốn &ldquo;Dũng sĩ Hesman&rdquo; từ l&agrave;m b&igrave;a, l&ecirc;n kịch bản tới vẽ; l&agrave;m riết trong bốn năm kh&ocirc;ng ngơi nghỉ khiến nhiều l&uacute;c &ocirc;ng muốn ph&aacute;t đi&ecirc;n.</strong></p>\r\n\r\n<p>&nbsp;</p>\r\n\r\n<p>Từ l&acirc;u,&nbsp;<em>Dũng sĩ Hesman</em>&nbsp;đ&atilde; trở th&agrave;nh một tượng đ&agrave;i truyện tranh của Việt Nam. C&acirc;u chuyện họa sĩ H&ugrave;ng L&acirc;n vẽ Hesman tại v&ugrave;ng n&ocirc;ng trường B&igrave;nh Ba (Vũng T&agrave;u) đầu những năm 1990 được &ocirc;ng kể kh&aacute; nhiều trước đ&oacute;.</p>\r\n\r\n<p>Nhưng trong buổi tr&ograve; chuyện với giới họa sĩ truyện tranh trẻ tại H&agrave; Nội chiều 21/10, &ocirc;ng chia sẻ cặn kẽ về qu&aacute; tr&igrave;nh vẽ truyện, từ những kỹ thuật th&ocirc; sơ, &aacute;p lực s&aacute;ng tạo trong bốn năm r&ograve;ng r&atilde;, tới một thời ng&agrave;nh xuất bản chưa c&oacute; vi t&iacute;nh.</p>\r\n\r\n<p><em>Zing.vn&nbsp;</em>ghi lại cuộc chia sẻ th&uacute; vị ấy.</p>\r\n\r\n<h3>C&acirc;u chuyện giả tưởng về vũ trụ thế kỷ 22 ra đời từ v&ugrave;ng qu&ecirc; kh&ocirc;ng c&oacute; điện</h3>\r\n\r\n<p><em>- Để bạn đọc h&ocirc;m nay c&oacute; thể hiểu hơn về bộ truyện, &ocirc;ng h&atilde;y kể về việc m&igrave;nh bắt đầu vẽ &quot;Dũng sĩ Hesman&quot; như thế n&agrave;o?</em></p>\r\n\r\n<p>- B&ecirc;n đối t&aacute;c li&ecirc;n kết với Nh&agrave; xuất bản (NXB) đưa t&ocirc;i hai băng hoạt h&igrave;nh&nbsp;<em>Voltron - Defender of the universe&nbsp;</em>v&agrave; nhờ t&ocirc;i chuyển thể, ph&oacute;ng t&aacute;c th&agrave;nh truyện. Hai cuốn băng đ&oacute; gi&uacute;p t&ocirc;i l&agrave;m được bốn tập truyện tranh, m&agrave; cũng l&agrave; ph&oacute;ng t&aacute;c ra, chứ kh&ocirc;ng ho&agrave;n to&agrave;n d&ugrave;ng nội dung y nguy&ecirc;n trong băng.</p>\r\n\r\n<p>Từ tập thứ năm -&nbsp;<em>Dũng sĩ cụt tay</em>&nbsp;- th&igrave; t&ocirc;i bắt đầu &ldquo;chế&rdquo; ra nhiều nh&acirc;n vật. Khi truyện đưa l&ecirc;n, họ b&aacute;n được, v&agrave; b&aacute;n chạy n&ecirc;n t&ocirc;i l&agrave;m tiếp. Đến tập thứ t&aacute;m, t&ocirc;i chế ra nhiều nh&acirc;n vật, điển h&igrave;nh như Gasko.</p>\r\n\r\n<p>L&ecirc;n tập 20, t&ocirc;i nghĩ chắc như vậy đủ rồi, nhưng ai ngờ s&aacute;ch vẫn b&aacute;n được. Họ bảo l&agrave;m th&ecirc;m 10 tập nữa được kh&ocirc;ng? cũng được; th&ecirc;m 20 tập nữa được kh&ocirc;ng, cũng được; ra tới tập 100 vẫn được. Tới tập 100 t&ocirc;i cảm thấy trước giờ nh&acirc;n vật của m&igrave;nh đ&atilde; tạo h&igrave;nh biến đổi rồi, nhưng vẫn chưa hay. Kỷ niệm tập thứ 100, t&ocirc;i để nh&acirc;n vật thay h&igrave;nh đổi dạng.</p>\r\n\r\n<p>C&oacute; lẽ từ tập 100 trở đi, t&ocirc;i ưng &yacute;, m&agrave; c&aacute;c bạn cũng ưng &yacute; hơn về tạo h&igrave;nh nh&acirc;n vật.</p>\r\n\r\n<p>Từ tập ấy trở đi, số lượng bản in cũng l&ecirc;n khủng khiếp. Từ trước, t&ocirc;i chỉ biết họ in v&agrave;i chục ngh&igrave;n bản. Tới tập 100 trở đi, họ in tới hơn 100 ngh&igrave;n bản một tập.</p>\r\n\r\n<div style=\"background:transparent; border:0px; padding:0px\">&nbsp;</div>\r\n\r\n<p><em>- Với số lượng ph&aacute;t h&agrave;nh lớn như vậy, nhuận b&uacute;t &ocirc;ng nhận được cho mỗi tập như thế n&agrave;o?</em></p>\r\n\r\n<p>- Ban đầu chỉ v&agrave;i trăm ngh&igrave;n một tập, sau s&aacute;ch b&aacute;n chạy họ tăng dần nhuận b&uacute;t l&ecirc;n, tới mức 3 triệu/ tập l&agrave; cao nhất.</p>\r\n\r\n<p>L&acirc;u l&acirc;u t&ocirc;i l&ecirc;n S&agrave;i G&ograve;n, c&oacute; lần gặp &ocirc;ng quản đốc nh&agrave; in, &ocirc;ng hỏi &quot;họ trả nhuận b&uacute;t cho anh bao nhi&ecirc;u?&quot; - T&ocirc;i n&oacute;i họ trả 3 triệu/ tập. &Ocirc;ng chửi thề, tại sao họ trả &eacute;p t&ocirc;i vậy? c&oacute; trả gấp 5, gấp 10 số đ&oacute; cũng thỏa đ&aacute;ng, v&igrave; con số bản in đ&atilde; l&ecirc;n 180.000 bản/ tập. Sau n&agrave;y, b&aacute;o ch&iacute; kh&ocirc;ng biết t&igrave;m đ&acirc;u được con số Hesman in 160.000 bản/ tập.</p>\r\n\r\n<p>T&ocirc;i th&igrave; kh&ocirc;ng đặt vấn đề in nhiều th&igrave; tiền nhuận b&uacute;t phải nhiều. Đồng tiền rất qu&yacute;, nhưng m&igrave;nh nghĩ nếu họ in được nhiều th&igrave; họ b&aacute;n được nhiều khiến họ c&oacute; l&atilde;i, nếu kh&ocirc;ng b&aacute;n được th&igrave; tội cho họ. Điều đ&oacute; h&ecirc;n xui. T&ocirc;i vẽ th&igrave; cứ sống với nh&acirc;n vật của m&igrave;nh th&ocirc;i.</p>\r\n\r\n<p>Cho tới khi họ bảo liệu c&oacute; thể đưa nh&acirc;n vật Việt Nam v&agrave;o được kh&ocirc;ng? Th&igrave; t&ocirc;i đ&atilde; c&oacute; sự chuẩn bị trước rồi, từ trước t&ocirc;i đ&atilde; đưa nh&acirc;n vật Huy H&ugrave;ng v&agrave;o bộ Hesman rồi.&nbsp; Sau đ&oacute;, t&ocirc;i vẽ&nbsp;<em>Si&ecirc;u nh&acirc;n Việt Nam</em>&nbsp;52 tập nữa. Cả hai bộ truyện cuốn mất của t&ocirc;i hơn 5 năm trời. Sống với n&oacute;, ăn với n&oacute;, ngủ với n&oacute;.</p>\r\n\r\n<p><em>- Tại sao &ocirc;ng đưa nhiều nh&acirc;n vật, trong đ&oacute; c&oacute; nh&acirc;n vật Việt Nam v&agrave;o như vậy?</em></p>\r\n\r\n<p>- Khi ch&uacute;ng ta l&agrave;m kịch bản, m&igrave;nh muốn kịch bản th&agrave;nh c&ocirc;ng, phải đưa ra kịch bản rối rắm, kh&aacute;c thường. T&ocirc;i muốn viết qu&aacute;i nh&acirc;n n&agrave;o đ&oacute;, như Cesar - Qu&aacute;i vật vũ trụ th&igrave; phải cho qu&aacute;i nh&acirc;n đ&oacute; c&oacute; điều g&igrave; thắng Hesman, rồi sau đ&oacute; Hesman v&agrave; c&aacute;c bạn c&oacute; những ưu điểm kh&aacute;c để thắng lại.</p>\r\n\r\n<p>C&aacute;c bạn hỏi dựa tr&ecirc;n cơ sở khoa học n&agrave;o để vẽ n&ecirc;n Hesman, xin thưa kh&ocirc;ng c&oacute; cơ sở khoa học n&agrave;o kh&aacute;c, to&agrave;n l&agrave; t&ocirc;i suy nghĩ th&ecirc;m những g&igrave; c&oacute; vẻ c&oacute; l&yacute;, c&oacute; vẻ hấp dẫn th&igrave; viết ra.</p>\r\n\r\n<p>V&iacute; dụ từ trường, luồng điện từ trường, điện quang, d&ograve;ng điện chết&hellip; đ&oacute; đều do t&ocirc;i chế ra th&ocirc;i.</p>\r\n\r\n<p><em>- Từ khi xem video Voltron, rồi s&aacute;ng tạo Hesman, hai nh&acirc;n vật n&agrave;y c&oacute; mối li&ecirc;n hệ như thế n&agrave;o?</em></p>\r\n\r\n<p>- Nếu ta đọc<em>&nbsp;Dũng sĩ Hesman&nbsp;</em>sẽ thấy&nbsp;t&ocirc;i ghi &ldquo;H&ugrave;ng L&acirc;n ph&oacute;ng t&aacute;c theo phim hoạt h&igrave;nh Hesman&rdquo;. L&uacute;c đầu t&ocirc;i vẽ b&igrave;a t&ocirc;i để chữ &quot;Voltron&quot;. Nhưng khi đưa l&ecirc;n NXB, họ bảo, thứ nhất c&aacute;i t&ecirc;n Voltron kh&oacute; đọc, thứ hai, bản quyền nh&acirc;n vật của Nhật, sợ sau n&agrave;y người ta kiện c&aacute;o, n&ecirc;n đổi t&ecirc;n. Bạn t&ocirc;i, anh Vương l&agrave;m c&ocirc;ng t&aacute;c bi&ecirc;n tập, anh đổi lại, n&ecirc;n đặt l&agrave; &ldquo;Hesman&rdquo;, tức l&agrave; &ldquo;He is man&rdquo;, h&agrave;m &yacute; một robot nhưng c&oacute; t&iacute;nh năng như con người.</p>\r\n\r\n<p>Ng&agrave;y nay c&aacute;c bạn nh&igrave;n tạo h&igrave;nh gọi đ&oacute; l&agrave; Voltron cũng đ&uacute;ng v&igrave; tạo h&igrave;nh theo Voltron của Nhật. Trong truyện, t&ocirc;i chế th&ecirc;m nh&acirc;n vật mới, t&iacute;nh năng mới để dễ d&agrave;ng viết kịch bản tiếp theo. Chứ quanh đi quanh lại h&agrave;nh tinh Arus th&igrave; kh&ocirc;ng t&agrave;i n&agrave;o viết được nhiều tập. Phải s&aacute;ng tạo ra nh&acirc;n vật, tuyến truyện mới c&oacute; thể ra 159 tập.</p>\r\n\r\n<p>C&aacute;ch đ&acirc;y một năm, người ta l&agrave;m games Hesman Legend. Khi l&agrave;m th&igrave; họ phải đăng k&yacute; sở hữu tr&iacute; tuệ. Cục Sở hữu Tr&iacute; tuệ chấp nhận cho nh&acirc;n vật Hesman với tạo h&igrave;nh từ khi thay h&igrave;nh đổi dạng. Nh&igrave;n tho&aacute;ng qua, c&oacute; thể giống nhau, nhưng hai nh&acirc;n vật c&oacute; kh&aacute;c. Hiện nay người ta nh&igrave;n m&ocirc; h&igrave;nh, xem tr&ecirc;n YouTube, kể cả l&agrave; h&igrave;nh ảnh của Voltron, th&igrave; nhiều người vẫn n&oacute;i đ&oacute; l&agrave; Hesman.</p>\r\n\r\n<p><strong>Bốn năm r&ograve;ng l&agrave;m kh&ocirc;ng ngơi, t&ocirc;i chưa chết l&agrave; may</strong></p>\r\n\r\n<p><em>- Khi Hesman xuất bản, mỗi tuần ra một tập; nghĩa l&agrave; t&aacute;c giả phải s&aacute;ng t&aacute;c mỗi tuần một cuốn. Điều đ&oacute; khiến nhiều t&aacute;c giả truyện tranh ng&agrave;y nay b&agrave;ng ho&agrave;ng. Vậy &ocirc;ng đ&atilde; l&agrave;m thế n&agrave;o để đảm bảo tiến độ ấy?</em></p>\r\n\r\n<p>- Ng&agrave;y xưa ch&uacute;ng ta nhớ, cứ thứ 2 hoặc thứ 3 ở trong Nam c&oacute; truyện Hesman ra mắt, ngo&agrave;i Bắc th&igrave; thứ 5, thứ 6 c&oacute;. Để c&oacute; cuốn truyện c&aacute;c bạn cầm tr&ecirc;n tay mỗi tuần, th&igrave; người họa sĩ mỗi tuần phải l&agrave;m được một cuốn.</p>\r\n\r\n<table align=\"center\" style=\"width:820px\">\r\n	<tbody>\r\n		<tr>\r\n			<td style=\"vertical-align:baseline\"><img alt=\"Cuon truyen hai ra tien cua Viet Nam, hoa si nhan 3 trieu dong/tap hinh anh 2\" src=\"https://znews-photo-td.zadn.vn/w1024/Uploaded/oplukaa/2018_10_22/Hesman_2_R.jpg\" style=\"height:auto; margin:0px; width:860px\" /></td>\r\n		</tr>\r\n		<tr>\r\n			<td style=\"vertical-align:baseline\">Một số tập truyện&nbsp;<em>Dũng sĩ Hesman</em>&nbsp;gắn với tuổi thơ của h&agrave;ng trăm ngh&igrave;n bạn đọc.</td>\r\n		</tr>\r\n	</tbody>\r\n</table>\r\n\r\n<p>Trong l&uacute;c đ&oacute; t&ocirc;i ở v&ugrave;ng qu&ecirc;, c&oacute; m&igrave;nh t&ocirc;i l&agrave;m. T&ocirc;i c&oacute; hai đứa con trai phụ, ch&uacute;ng n&oacute; học lớp 8, lớp 9, cũng biết vẽ đ&ocirc;i ch&uacute;t th&igrave; m&igrave;nh nhờ ch&uacute;ng vẽ. Những c&aacute;i như tạo h&igrave;nh nh&acirc;n vật, gương mặt, biểu cảm, tay ch&acirc;n th&igrave; t&ocirc;i l&agrave;m, c&ograve;n những c&aacute;i như &aacute;o, quần th&igrave; t&ocirc;i chỉ cho ch&uacute;ng để nhờ ch&uacute;ng vẽ cho kịp. T&ocirc; đen th&igrave; c&oacute; vợ t&ocirc;i phụ. V&iacute; dụ, t&ocirc;i vẽ đoạn n&agrave;o m&agrave; đ&aacute;nh dấu &ldquo;x&rdquo; l&agrave; t&ocirc; đen. N&ecirc;n khi đọc truyện, thỉnh thoảng ch&uacute;ng ta thấy c&oacute; chữ &ldquo;x&rdquo;, nghĩa l&agrave; t&ocirc; s&oacute;t đấy.</p>\r\n\r\n<p>Ng&agrave;y xưa một tuần 7 ng&agrave;y, t&ocirc;i chỉ được nghỉ nửa ng&agrave;y. Trong nửa ng&agrave;y đ&oacute; t&ocirc;i được nghỉ ngơi, nhưng đầu &oacute;c vẫn suy nghĩ cho cuốn tiếp theo. V&iacute; dụ h&ocirc;m nay t&ocirc;i đang l&agrave;m tập 80, trong cuốn sổ tối đ&atilde; note tập 81 sẽ như thế n&agrave;o. T&ocirc;i gạch ra v&agrave;i &yacute;, viết ti&ecirc;u đề cho tập sau, d&ugrave; m&igrave;nh chưa thực hiện bắt tay v&agrave;o viết.</p>\r\n\r\n<p>Hết nửa ng&agrave;y nghỉ, c&ograve;n lại 6,5 ng&agrave;y trong tuần để l&agrave;m. Trong đ&oacute; t&ocirc;i mất 1,5 ng&agrave;y để vừa ph&acirc;n cảnh kịch bản trong &oacute;c, v&agrave; viết hẳn ra lu&ocirc;n tr&ecirc;n tờ giấy can. Trong 72 trang của một tập đ&oacute;, c&aacute;c bạn thấy chữ do t&ocirc;i viết tay hết, c&aacute;c khung cũng do t&ocirc;i kẻ tay hết. Nghĩ tới đ&acirc;u viết tới đ&oacute;, chứ kh&ocirc;ng kịp ph&acirc;n cảnh trước ra ngo&agrave;i như b&acirc;y giờ. Trong đầu m&igrave;nh nghĩ ra nh&acirc;n vật như thế n&agrave;o th&igrave; cứ thế l&agrave;m.</p>\r\n\r\n<p>T&ocirc;i vẽ b&igrave;a mất đến nửa ng&agrave;y. Sau đ&oacute; phải cắt giấy d&aacute;n chữ l&ecirc;n đ&oacute;. Th&agrave;nh một c&aacute;i b&igrave;a ho&agrave;n chỉnh, họ chỉ việc mang về chụp v&agrave; in th&ocirc;i.</p>\r\n\r\n<p>Phần&nbsp;c&ograve;n lại chỉ&nbsp; 4,5 ng&agrave;y th&ocirc;i, t&ocirc;i phải vẽ ho&agrave;n tất 72 trang. Như vậy mỗi ng&agrave;y t&ocirc;i phải vẽ 17 trang. 4 ng&agrave;y mới c&oacute; 68 trang th&ocirc;i, bắt buộc nửa ng&agrave;y c&ograve;n lại phải ho&agrave;n th&agrave;nh.</p>\r\n\r\n<p><em>- C&oacute; khi n&agrave;o bị trễ?</em></p>\r\n\r\n<p>&nbsp;</p>\r\n\r\n<h1>Cuốn truyện h&aacute;i ra tiền của Việt Nam, họa sĩ nhận 3 triệu đồng/tập</h1>\r\n\r\n<ul>\r\n	<li>16:49 22/10/2018</li>\r\n	<li>&nbsp;</li>\r\n	<li>1852</li>\r\n</ul>\r\n\r\n<ul>\r\n	<li>&nbsp;</li>\r\n	<li>&nbsp;</li>\r\n	<li>&nbsp;</li>\r\n	<li><strong>55</strong></li>\r\n</ul>\r\n\r\n<p>Họa sĩ H&ugrave;ng L&acirc;n kể, mỗi tuần &ocirc;ng phải xong một cuốn &ldquo;Dũng sĩ Hesman&rdquo; từ l&agrave;m b&igrave;a, l&ecirc;n kịch bản tới vẽ; l&agrave;m riết trong bốn năm kh&ocirc;ng ngơi nghỉ khiến nhiều l&uacute;c &ocirc;ng muốn ph&aacute;t đi&ecirc;n.</p>\r\n\r\n<div style=\"background:transparent; border:0px; padding:0px\">\r\n<p>Từ l&acirc;u,&nbsp;<em>Dũng sĩ Hesman</em>&nbsp;đ&atilde; trở th&agrave;nh một tượng đ&agrave;i truyện tranh của Việt Nam. C&acirc;u chuyện họa sĩ H&ugrave;ng L&acirc;n vẽ Hesman tại v&ugrave;ng n&ocirc;ng trường B&igrave;nh Ba (Vũng T&agrave;u) đầu những năm 1990 được &ocirc;ng kể kh&aacute; nhiều trước đ&oacute;.</p>\r\n\r\n<p>Nhưng trong buổi tr&ograve; chuyện với giới họa sĩ truyện tranh trẻ tại H&agrave; Nội chiều 21/10, &ocirc;ng chia sẻ cặn kẽ về qu&aacute; tr&igrave;nh vẽ truyện, từ những kỹ thuật th&ocirc; sơ, &aacute;p lực s&aacute;ng tạo trong bốn năm r&ograve;ng r&atilde;, tới một thời ng&agrave;nh xuất bản chưa c&oacute; vi t&iacute;nh.</p>\r\n\r\n<p><em>Zing.vn&nbsp;</em>ghi lại cuộc chia sẻ th&uacute; vị ấy.</p>\r\n\r\n<h3>C&acirc;u chuyện giả tưởng về vũ trụ thế kỷ 22 ra đời từ v&ugrave;ng qu&ecirc; kh&ocirc;ng c&oacute; điện</h3>\r\n\r\n<p><em>- Để bạn đọc h&ocirc;m nay c&oacute; thể hiểu hơn về bộ truyện, &ocirc;ng h&atilde;y kể về việc m&igrave;nh bắt đầu vẽ &quot;Dũng sĩ Hesman&quot; như thế n&agrave;o?</em></p>\r\n\r\n<p>- B&ecirc;n đối t&aacute;c li&ecirc;n kết với Nh&agrave; xuất bản (NXB) đưa t&ocirc;i hai băng hoạt h&igrave;nh&nbsp;<em>Voltron - Defender of the universe&nbsp;</em>v&agrave; nhờ t&ocirc;i chuyển thể, ph&oacute;ng t&aacute;c th&agrave;nh truyện. Hai cuốn băng đ&oacute; gi&uacute;p t&ocirc;i l&agrave;m được bốn tập truyện tranh, m&agrave; cũng l&agrave; ph&oacute;ng t&aacute;c ra, chứ kh&ocirc;ng ho&agrave;n to&agrave;n d&ugrave;ng nội dung y nguy&ecirc;n trong băng.</p>\r\n\r\n<p>Từ tập thứ năm -&nbsp;<em>Dũng sĩ cụt tay</em>&nbsp;- th&igrave; t&ocirc;i bắt đầu &ldquo;chế&rdquo; ra nhiều nh&acirc;n vật. Khi truyện đưa l&ecirc;n, họ b&aacute;n được, v&agrave; b&aacute;n chạy n&ecirc;n t&ocirc;i l&agrave;m tiếp. Đến tập thứ t&aacute;m, t&ocirc;i chế ra nhiều nh&acirc;n vật, điển h&igrave;nh như Gasko.</p>\r\n\r\n<table align=\"center\" style=\"width:820px\">\r\n	<tbody>\r\n		<tr>\r\n			<td style=\"vertical-align:baseline\"><img alt=\"Cuon truyen hai ra tien cua Viet Nam, hoa si nhan 3 trieu dong/tap hinh anh 1\" src=\"https://znews-photo-td.zadn.vn/w1024/Uploaded/oplukaa/2018_10_22/Hesman_1.jpg#1540221476051\" style=\"height:auto; margin:0px; width:860px\" /></td>\r\n		</tr>\r\n		<tr>\r\n			<td style=\"vertical-align:baseline\">Ở tuổi 63, họa sĩ H&ugrave;ng L&acirc;n vẫn bắt taythực hiện hai bộ s&aacute;ch t&acirc;m huyết.&nbsp;</td>\r\n		</tr>\r\n	</tbody>\r\n</table>\r\n\r\n<p>L&ecirc;n tập 20, t&ocirc;i nghĩ chắc như vậy đủ rồi, nhưng ai ngờ s&aacute;ch vẫn b&aacute;n được. Họ bảo l&agrave;m th&ecirc;m 10 tập nữa được kh&ocirc;ng? cũng được; th&ecirc;m 20 tập nữa được kh&ocirc;ng, cũng được; ra tới tập 100 vẫn được. Tới tập 100 t&ocirc;i cảm thấy trước giờ nh&acirc;n vật của m&igrave;nh đ&atilde; tạo h&igrave;nh biến đổi rồi, nhưng vẫn chưa hay. Kỷ niệm tập thứ 100, t&ocirc;i để nh&acirc;n vật thay h&igrave;nh đổi dạng.</p>\r\n\r\n<p>C&oacute; lẽ từ tập 100 trở đi, t&ocirc;i ưng &yacute;, m&agrave; c&aacute;c bạn cũng ưng &yacute; hơn về tạo h&igrave;nh nh&acirc;n vật.</p>\r\n\r\n<p>Từ tập ấy trở đi, số lượng bản in cũng l&ecirc;n khủng khiếp. Từ trước, t&ocirc;i chỉ biết họ in v&agrave;i chục ngh&igrave;n bản. Tới tập 100 trở đi, họ in tới hơn 100 ngh&igrave;n bản một tập.</p>\r\n\r\n<div style=\"background:none !important; border:0px; padding:0px\">\r\n<div style=\"background:transparent; border:0px; padding:0px\">&nbsp;</div>\r\n</div>\r\n\r\n<p><em>- Với số lượng ph&aacute;t h&agrave;nh lớn như vậy, nhuận b&uacute;t &ocirc;ng nhận được cho mỗi tập như thế n&agrave;o?</em></p>\r\n\r\n<p>- Ban đầu chỉ v&agrave;i trăm ngh&igrave;n một tập, sau s&aacute;ch b&aacute;n chạy họ tăng dần nhuận b&uacute;t l&ecirc;n, tới mức 3 triệu/ tập l&agrave; cao nhất.</p>\r\n\r\n<p>L&acirc;u l&acirc;u t&ocirc;i l&ecirc;n S&agrave;i G&ograve;n, c&oacute; lần gặp &ocirc;ng quản đốc nh&agrave; in, &ocirc;ng hỏi &quot;họ trả nhuận b&uacute;t cho anh bao nhi&ecirc;u?&quot; - T&ocirc;i n&oacute;i họ trả 3 triệu/ tập. &Ocirc;ng chửi thề, tại sao họ trả &eacute;p t&ocirc;i vậy? c&oacute; trả gấp 5, gấp 10 số đ&oacute; cũng thỏa đ&aacute;ng, v&igrave; con số bản in đ&atilde; l&ecirc;n 180.000 bản/ tập. Sau n&agrave;y, b&aacute;o ch&iacute; kh&ocirc;ng biết t&igrave;m đ&acirc;u được con số Hesman in 160.000 bản/ tập.</p>\r\n\r\n<p>T&ocirc;i th&igrave; kh&ocirc;ng đặt vấn đề in nhiều th&igrave; tiền nhuận b&uacute;t phải nhiều. Đồng tiền rất qu&yacute;, nhưng m&igrave;nh nghĩ nếu họ in được nhiều th&igrave; họ b&aacute;n được nhiều khiến họ c&oacute; l&atilde;i, nếu kh&ocirc;ng b&aacute;n được th&igrave; tội cho họ. Điều đ&oacute; h&ecirc;n xui. T&ocirc;i vẽ th&igrave; cứ sống với nh&acirc;n vật của m&igrave;nh th&ocirc;i.</p>\r\n\r\n<p>Cho tới khi họ bảo liệu c&oacute; thể đưa nh&acirc;n vật Việt Nam v&agrave;o được kh&ocirc;ng? Th&igrave; t&ocirc;i đ&atilde; c&oacute; sự chuẩn bị trước rồi, từ trước t&ocirc;i đ&atilde; đưa nh&acirc;n vật Huy H&ugrave;ng v&agrave;o bộ Hesman rồi.&nbsp; Sau đ&oacute;, t&ocirc;i vẽ&nbsp;<em>Si&ecirc;u nh&acirc;n Việt Nam</em>&nbsp;52 tập nữa. Cả hai bộ truyện cuốn mất của t&ocirc;i hơn 5 năm trời. Sống với n&oacute;, ăn với n&oacute;, ngủ với n&oacute;.</p>\r\n\r\n<p><em>- Tại sao &ocirc;ng đưa nhiều nh&acirc;n vật, trong đ&oacute; c&oacute; nh&acirc;n vật Việt Nam v&agrave;o như vậy?</em></p>\r\n\r\n<p>- Khi ch&uacute;ng ta l&agrave;m kịch bản, m&igrave;nh muốn kịch bản th&agrave;nh c&ocirc;ng, phải đưa ra kịch bản rối rắm, kh&aacute;c thường. T&ocirc;i muốn viết qu&aacute;i nh&acirc;n n&agrave;o đ&oacute;, như Cesar - Qu&aacute;i vật vũ trụ th&igrave; phải cho qu&aacute;i nh&acirc;n đ&oacute; c&oacute; điều g&igrave; thắng Hesman, rồi sau đ&oacute; Hesman v&agrave; c&aacute;c bạn c&oacute; những ưu điểm kh&aacute;c để thắng lại.</p>\r\n\r\n<p>C&aacute;c bạn hỏi dựa tr&ecirc;n cơ sở khoa học n&agrave;o để vẽ n&ecirc;n Hesman, xin thưa kh&ocirc;ng c&oacute; cơ sở khoa học n&agrave;o kh&aacute;c, to&agrave;n l&agrave; t&ocirc;i suy nghĩ th&ecirc;m những g&igrave; c&oacute; vẻ c&oacute; l&yacute;, c&oacute; vẻ hấp dẫn th&igrave; viết ra.</p>\r\n\r\n<div style=\"background:none !important; border:0px; padding:0px\">&nbsp;</div>\r\n\r\n<p>V&iacute; dụ từ trường, luồng điện từ trường, điện quang, d&ograve;ng điện chết&hellip; đ&oacute; đều do t&ocirc;i chế ra th&ocirc;i.</p>\r\n\r\n<p><em>- Từ khi xem video Voltron, rồi s&aacute;ng tạo Hesman, hai nh&acirc;n vật n&agrave;y c&oacute; mối li&ecirc;n hệ như thế n&agrave;o?</em></p>\r\n\r\n<p>- Nếu ta đọc<em>&nbsp;Dũng sĩ Hesman&nbsp;</em>sẽ thấy&nbsp;t&ocirc;i ghi &ldquo;H&ugrave;ng L&acirc;n ph&oacute;ng t&aacute;c theo phim hoạt h&igrave;nh Hesman&rdquo;. L&uacute;c đầu t&ocirc;i vẽ b&igrave;a t&ocirc;i để chữ &quot;Voltron&quot;. Nhưng khi đưa l&ecirc;n NXB, họ bảo, thứ nhất c&aacute;i t&ecirc;n Voltron kh&oacute; đọc, thứ hai, bản quyền nh&acirc;n vật của Nhật, sợ sau n&agrave;y người ta kiện c&aacute;o, n&ecirc;n đổi t&ecirc;n. Bạn t&ocirc;i, anh Vương l&agrave;m c&ocirc;ng t&aacute;c bi&ecirc;n tập, anh đổi lại, n&ecirc;n đặt l&agrave; &ldquo;Hesman&rdquo;, tức l&agrave; &ldquo;He is man&rdquo;, h&agrave;m &yacute; một robot nhưng c&oacute; t&iacute;nh năng như con người.</p>\r\n\r\n<p>Ng&agrave;y nay c&aacute;c bạn nh&igrave;n tạo h&igrave;nh gọi đ&oacute; l&agrave; Voltron cũng đ&uacute;ng v&igrave; tạo h&igrave;nh theo Voltron của Nhật. Trong truyện, t&ocirc;i chế th&ecirc;m nh&acirc;n vật mới, t&iacute;nh năng mới để dễ d&agrave;ng viết kịch bản tiếp theo. Chứ quanh đi quanh lại h&agrave;nh tinh Arus th&igrave; kh&ocirc;ng t&agrave;i n&agrave;o viết được nhiều tập. Phải s&aacute;ng tạo ra nh&acirc;n vật, tuyến truyện mới c&oacute; thể ra 159 tập.</p>\r\n\r\n<p>C&aacute;ch đ&acirc;y một năm, người ta l&agrave;m games Hesman Legend. Khi l&agrave;m th&igrave; họ phải đăng k&yacute; sở hữu tr&iacute; tuệ. Cục Sở hữu Tr&iacute; tuệ chấp nhận cho nh&acirc;n vật Hesman với tạo h&igrave;nh từ khi thay h&igrave;nh đổi dạng. Nh&igrave;n tho&aacute;ng qua, c&oacute; thể giống nhau, nhưng hai nh&acirc;n vật c&oacute; kh&aacute;c. Hiện nay người ta nh&igrave;n m&ocirc; h&igrave;nh, xem tr&ecirc;n YouTube, kể cả l&agrave; h&igrave;nh ảnh của Voltron, th&igrave; nhiều người vẫn n&oacute;i đ&oacute; l&agrave; Hesman.</p>\r\n\r\n<p><strong>Bốn năm r&ograve;ng l&agrave;m kh&ocirc;ng ngơi, t&ocirc;i chưa chết l&agrave; may</strong></p>\r\n\r\n<p><em>- Khi Hesman xuất bản, mỗi tuần ra một tập; nghĩa l&agrave; t&aacute;c giả phải s&aacute;ng t&aacute;c mỗi tuần một cuốn. Điều đ&oacute; khiến nhiều t&aacute;c giả truyện tranh ng&agrave;y nay b&agrave;ng ho&agrave;ng. Vậy &ocirc;ng đ&atilde; l&agrave;m thế n&agrave;o để đảm bảo tiến độ ấy?</em></p>\r\n\r\n<p>- Ng&agrave;y xưa ch&uacute;ng ta nhớ, cứ thứ 2 hoặc thứ 3 ở trong Nam c&oacute; truyện Hesman ra mắt, ngo&agrave;i Bắc th&igrave; thứ 5, thứ 6 c&oacute;. Để c&oacute; cuốn truyện c&aacute;c bạn cầm tr&ecirc;n tay mỗi tuần, th&igrave; người họa sĩ mỗi tuần phải l&agrave;m được một cuốn.</p>\r\n\r\n<table align=\"center\" style=\"width:820px\">\r\n	<tbody>\r\n		<tr>\r\n			<td style=\"vertical-align:baseline\"><img alt=\"Cuon truyen hai ra tien cua Viet Nam, hoa si nhan 3 trieu dong/tap hinh anh 2\" src=\"https://znews-photo-td.zadn.vn/w1024/Uploaded/oplukaa/2018_10_22/Hesman_2_R.jpg\" style=\"height:auto; margin:0px; width:860px\" /></td>\r\n		</tr>\r\n		<tr>\r\n			<td style=\"vertical-align:baseline\">Một số tập truyện&nbsp;<em>Dũng sĩ Hesman</em>&nbsp;gắn với tuổi thơ của h&agrave;ng trăm ngh&igrave;n bạn đọc.</td>\r\n		</tr>\r\n	</tbody>\r\n</table>\r\n\r\n<p>Trong l&uacute;c đ&oacute; t&ocirc;i ở v&ugrave;ng qu&ecirc;, c&oacute; m&igrave;nh t&ocirc;i l&agrave;m. T&ocirc;i c&oacute; hai đứa con trai phụ, ch&uacute;ng n&oacute; học lớp 8, lớp 9, cũng biết vẽ đ&ocirc;i ch&uacute;t th&igrave; m&igrave;nh nhờ ch&uacute;ng vẽ. Những c&aacute;i như tạo h&igrave;nh nh&acirc;n vật, gương mặt, biểu cảm, tay ch&acirc;n th&igrave; t&ocirc;i l&agrave;m, c&ograve;n những c&aacute;i như &aacute;o, quần th&igrave; t&ocirc;i chỉ cho ch&uacute;ng để nhờ ch&uacute;ng vẽ cho kịp. T&ocirc; đen th&igrave; c&oacute; vợ t&ocirc;i phụ. V&iacute; dụ, t&ocirc;i vẽ đoạn n&agrave;o m&agrave; đ&aacute;nh dấu &ldquo;x&rdquo; l&agrave; t&ocirc; đen. N&ecirc;n khi đọc truyện, thỉnh thoảng ch&uacute;ng ta thấy c&oacute; chữ &ldquo;x&rdquo;, nghĩa l&agrave; t&ocirc; s&oacute;t đấy.</p>\r\n\r\n<p>Ng&agrave;y xưa một tuần 7 ng&agrave;y, t&ocirc;i chỉ được nghỉ nửa ng&agrave;y. Trong nửa ng&agrave;y đ&oacute; t&ocirc;i được nghỉ ngơi, nhưng đầu &oacute;c vẫn suy nghĩ cho cuốn tiếp theo. V&iacute; dụ h&ocirc;m nay t&ocirc;i đang l&agrave;m tập 80, trong cuốn sổ tối đ&atilde; note tập 81 sẽ như thế n&agrave;o. T&ocirc;i gạch ra v&agrave;i &yacute;, viết ti&ecirc;u đề cho tập sau, d&ugrave; m&igrave;nh chưa thực hiện bắt tay v&agrave;o viết.</p>\r\n\r\n<p>Hết nửa ng&agrave;y nghỉ, c&ograve;n lại 6,5 ng&agrave;y trong tuần để l&agrave;m. Trong đ&oacute; t&ocirc;i mất 1,5 ng&agrave;y để vừa ph&acirc;n cảnh kịch bản trong &oacute;c, v&agrave; viết hẳn ra lu&ocirc;n tr&ecirc;n tờ giấy can. Trong 72 trang của một tập đ&oacute;, c&aacute;c bạn thấy chữ do t&ocirc;i viết tay hết, c&aacute;c khung cũng do t&ocirc;i kẻ tay hết. Nghĩ tới đ&acirc;u viết tới đ&oacute;, chứ kh&ocirc;ng kịp ph&acirc;n cảnh trước ra ngo&agrave;i như b&acirc;y giờ. Trong đầu m&igrave;nh nghĩ ra nh&acirc;n vật như thế n&agrave;o th&igrave; cứ thế l&agrave;m.</p>\r\n\r\n<p>T&ocirc;i vẽ b&igrave;a mất đến nửa ng&agrave;y. Sau đ&oacute; phải cắt giấy d&aacute;n chữ l&ecirc;n đ&oacute;. Th&agrave;nh một c&aacute;i b&igrave;a ho&agrave;n chỉnh, họ chỉ việc mang về chụp v&agrave; in th&ocirc;i.</p>\r\n\r\n<p>Phần&nbsp;c&ograve;n lại chỉ&nbsp; 4,5 ng&agrave;y th&ocirc;i, t&ocirc;i phải vẽ ho&agrave;n tất 72 trang. Như vậy mỗi ng&agrave;y t&ocirc;i phải vẽ 17 trang. 4 ng&agrave;y mới c&oacute; 68 trang th&ocirc;i, bắt buộc nửa ng&agrave;y c&ograve;n lại phải ho&agrave;n th&agrave;nh.</p>\r\n\r\n<p><em>- C&oacute; khi n&agrave;o bị trễ?</em></p>\r\n\r\n<p>- Nếu t&ocirc;i trễ th&igrave; tr&ecirc;n TP HCM bị trễ. Trong qu&aacute; tr&igrave;nh xuất bản to&agrave;n bộ truyện, chỉ c&oacute; bốn hay năm lần t&ocirc;i bị trễ th&ocirc;i. C&ograve;n lại cứ ra đều đều tuần n&agrave;o cũng c&oacute;. M&agrave; t&ocirc;i đ&atilde; l&agrave;m xong l&agrave; phải xong, kh&ocirc;ng thể chỉnh sửa nữa, cứ vậy mang đi in.</p>\r\n\r\n<p>C&aacute;c bạn nghĩ đi, bốn, năm năm li&ecirc;n tục như vậy, t&ocirc;i kh&ocirc;ng chết đ&atilde; l&agrave; may. May l&agrave; t&ocirc;i kh&ocirc;ng bị bệnh. Trước đ&oacute; mắt t&ocirc;i ho&agrave;n to&agrave;n khỏe mạnh. Vẽ xong bộ Hesman, t&ocirc;i đ&atilde; mang k&iacute;nh. C&aacute;i g&igrave; cũng c&oacute; c&aacute;i gi&aacute; của n&oacute;, nhưng truyện của m&igrave;nh được mọi người y&ecirc;u mến l&agrave; phần thưởng lớn.</p>\r\n\r\n<p><em>- Nh&agrave; &ocirc;ng c&aacute;ch xa th&agrave;nh phố như vậy, phương tiện li&ecirc;n lạc chưa thuận tiện, qu&aacute; tr&igrave;nh nộp bản thảo với bi&ecirc;n tập vi&ecirc;n NXB diễn ra như thế n&agrave;o?</em></p>\r\n\r\n<p>- Gi&aacute;m đốc NXB Mỹ thuật tin tưởng t&ocirc;i rất nhiều. Bốn tập đầu đưa l&ecirc;n ch&uacute; ấy duyệt thấy kh&ocirc;ng c&oacute; sai phạm về nội dung như ch&iacute;nh trị, bạo lực, ch&iacute;nh tả cũng chuẩn n&ecirc;n ch&uacute; giao cho bi&ecirc;n tập vi&ecirc;n NXB l&agrave;m việc.</p>\r\n\r\n<p>Trong một tuần, cứ thứ 3, một người ở NXB tr&ecirc;n th&agrave;nh phố đi về nh&agrave; t&ocirc;i lấy c&aacute;i b&igrave;a v&agrave; nửa nội dung cuốn s&aacute;ch (đến trang 36) đưa về th&agrave;nh phố. Họ chụp phim, in nửa cuốn ấy. Đến thứ 7, cũng anh đ&oacute; lại về nh&agrave; t&ocirc;i lấy nửa cuốn c&ograve;n lại, giao tiền nhuận b&uacute;t cho m&igrave;nh.</p>\r\n\r\n<p>Cứ như thế r&ograve;ng r&atilde; 4, 5 năm. Một tuần anh ấy đi về nh&agrave; t&ocirc;i hai lần, đoạn đường 125 km, th&igrave; mỗi lần đi về 250 km, một tuần hai lần đi l&agrave; 500 km. T&ocirc;i t&iacute;nh ra nguy&ecirc;n bộ&nbsp;<em>Dũng sĩ Hesman&nbsp;</em>v&agrave;&nbsp;<em>Si&ecirc;u nh&acirc;n Việt Nam</em>, anh ấy đi về hơn hai v&ograve;ng tr&aacute;i đất.</p>\r\n\r\n<p><em>- Ở thời điểm năm 1990, phương tiện li&ecirc;n lạc kh&ocirc;ng sẵn c&oacute; như hiện nay c&oacute; điện thoại, email&hellip; vậy &ocirc;ng v&agrave; ban bi&ecirc;n tập li&ecirc;n lạc như thế n&agrave;o?</em></p>\r\n\r\n<p>- Thời đ&oacute; x&atilde; t&ocirc;i ở kh&ocirc;ng c&oacute; điện thoại, n&ecirc;n l&agrave;m th&igrave; cứ nhắn qua lại với anh bi&ecirc;n tập vi&ecirc;n NXB đi về.</p>\r\n\r\n<p>T&ocirc;i nhớ c&oacute; lần l&agrave;m tới tập 12, một tờ b&aacute;o c&oacute; n&oacute;i sao truyện n&agrave;y đ&aacute;nh đấm dữ vậy. Th&ocirc;ng tin li&ecirc;n lạc hồi đ&oacute; chỉ l&agrave; con số 0, anh bi&ecirc;n tập kia về n&oacute;i sao th&igrave; t&ocirc;i biết vậy. Anh n&oacute;i: &ldquo;Truyện n&agrave;y đ&aacute;nh đấm hơi nhiều, truyện sau anh bớt đi một t&iacute;&rdquo;.</p>\r\n\r\n<p>Thậm ch&iacute; nghe đ&agrave;i, t&ocirc;i thấy người ta quảng c&aacute;o l&agrave; &ldquo;họa sĩ H&ugrave;ng L&acirc;n&rdquo;, t&ocirc;i đ&acirc;u nghĩ m&igrave;nh l&agrave; họa sĩ, v&igrave; kh&ocirc;ng học mỹ thuật.</p>\r\n\r\n<p>Đến năm 1995, điện thoại về n&ocirc;ng th&ocirc;n, t&ocirc;i mừng lắm, nghĩ dứt kho&aacute;t m&igrave;nh phải lắp. T&ocirc;i l&agrave; người thứ ba trong huyện đi đ&oacute;ng tiền ngay ng&agrave;y đầu được lắp. Khi c&oacute; điện thoại rồi th&igrave; li&ecirc;n lạc mới đỡ, c&oacute; g&igrave; th&igrave; NXB v&agrave; t&aacute;c giả gọi b&aacute;o với nhau. T&ocirc;i c&ograve;n nhớ, khi t&ocirc;i lắp điện thoại, NXB đ&atilde; hỗ trợ t&ocirc;i 1,5 triệu đồng lắp đặt, để li&ecirc;n lạc cho thuận tiện.</p>\r\n\r\n<p><em>- Trong qu&aacute; tr&igrave;nh s&aacute;ng t&aacute;c, &ocirc;ng gặp những kh&oacute; khăn g&igrave; v&agrave; giải quyết ra sao?</em></p>\r\n\r\n<p>- C&oacute; nhiều l&uacute;c t&ocirc;i muốn bu&ocirc;ng xu&ocirc;ng. Nhưng nếu tuần n&agrave;o m&igrave;nh kh&ocirc;ng ra được một cuốn, th&igrave; tuần sau người ta sẽ kh&oacute; b&aacute;n truyện, n&ecirc;n NXB th&uacute;c t&ocirc;i l&agrave;m dữ lắm.</p>\r\n\r\n<p>C&oacute; l&uacute;c t&ocirc;i muốn đi&ecirc;n l&ecirc;n. Đi ăn cưới kh&ocirc;ng được, giỗ chạp, ma chay cũng ph&oacute; mặc cho vợ. T&ocirc;i nghĩ m&igrave;nh c&ograve;n cuộc sống, phải lo cho con ăn học n&ecirc;n phải l&agrave;m. Đ&acirc;y l&agrave; cơ hội trời cho.</p>\r\n\r\n<p>Sau khi Hesman th&agrave;nh c&ocirc;ng, t&ocirc;i lại nghĩ vẽ truyện tranh như vậy l&agrave; c&ocirc;ng việc, con đường của m&igrave;nh rồi, th&igrave; cứ vậy m&agrave; l&agrave;m th&ocirc;i.</p>\r\n\r\n<h3>Ch&uacute;a cho đ&ocirc;i mắt c&ograve;n nh&igrave;n được, t&ocirc;i c&ograve;n vẽ truyện tranh</h3>\r\n\r\n<p><em>- Khi m&aacute;y t&iacute;nh bắt đầu du nhập, &ocirc;ng l&agrave; một trong những t&aacute;c giả đầu ti&ecirc;n tận dụng phương tiện để l&agrave;m ph&ocirc;ng chữ. Nhiều họa sĩ truyện tranh sau n&agrave;y đ&atilde; sử dụng c&ocirc;ng nghệ &ocirc;ng tạo ra. L&agrave;m thế n&agrave;o &ocirc;ng c&oacute; thể s&aacute;ng tạo được như vậy?</em></p>\r\n\r\n<p>- Sau khi c&oacute; m&aacute;y vi t&iacute;nh, năm 1998, t&ocirc;i đi mua liền. T&ocirc;i kh&ocirc;ng biết c&aacute;ch sử dụng, đến việc đặt đĩa mềm v&agrave;o m&aacute;y như n&agrave;o cũng kh&ocirc;ng biết. T&ocirc;i đi hỏi mấy em sinh vi&ecirc;n học chương tr&igrave;nh m&aacute;y t&iacute;nh để sử dụng. Biết d&ugrave;ng m&aacute;y t&iacute;nh nhưng t&ocirc;i kh&ocirc;ng biết sử dụng photoshop như lời bạn b&egrave; ở th&agrave;nh phố khuy&ecirc;n.</p>\r\n\r\n<p>T&ocirc;i học, thấy qu&aacute; tr&igrave;nh người ta l&agrave;m c&aacute;c phần mềm vẽ th&igrave; họ qu&ecirc;n đi vấn đề ph&ocirc;ng chữ (font chữ).</p>\r\n\r\n<p>T&ocirc;i m&agrave;y m&ograve; học l&agrave;m ph&ocirc;ng chữ với mong muốn vẽ truyện tranh được nhanh gọn, kh&ocirc;ng sai chữ. C&aacute;c ph&ocirc;ng chữ VniComic, Comic Books ra đời, rồi Comic1, Comic2, kiểu Brush, chữ Thư ph&aacute;p&hellip; cứ như thế t&ocirc;i cải tiến l&ecirc;n. V&agrave; b&acirc;y giờ c&aacute;c họa sĩ vẽ truyện tranh sử dụng kh&aacute; nhiều.</p>\r\n\r\n<p>Ứng dụng c&ocirc;ng nghệ th&ocirc;ng tin hữu &iacute;ch rất nhiều cho họa sĩ truyện tranh.</p>\r\n\r\n<table align=\"center\" style=\"width:820px\">\r\n	<tbody>\r\n		<tr>\r\n			<td style=\"vertical-align:baseline\"><img alt=\"Cuon truyen hai ra tien cua Viet Nam, hoa si nhan 3 trieu dong/tap hinh anh 3\" src=\"https://znews-photo-td.zadn.vn/w1024/Uploaded/oplukaa/2018_10_22/Hesman_3.jpg\" style=\"height:auto; margin:0px; width:860px\" /></td>\r\n		</tr>\r\n		<tr>\r\n			<td style=\"vertical-align:baseline\">Họa sĩ H&ugrave;ng L&acirc;n chia sẻ với c&aacute;c họa sĩ truyện tranh trẻ v&agrave; độc giả tại H&agrave; Nội chiều 21/10.</td>\r\n		</tr>\r\n	</tbody>\r\n</table>\r\n\r\n<p><em>- Sau &quot;Dũng sĩ Hesman&quot;, &ocirc;ng c&ograve;n vẽ những t&aacute;c phẩm n&agrave;o nữa?</em></p>\r\n\r\n<p>- Sau đ&oacute;, t&ocirc;i vẽ liền bộ&nbsp;<em>Si&ecirc;u nh&acirc;n Việt Nam</em>, rồi&nbsp;<em>C&ocirc; ti&ecirc;n xanh, T&acirc;m hồn cao thượng, Gương s&aacute;ng tuổi xanh</em>... T&ocirc;i t&iacute;nh m&igrave;nh đ&atilde; vẽ khoảng 700 tập truyện. Sau năm 2012, t&ocirc;i định cư ở Mỹ n&ecirc;n kh&ocirc;ng vẽ nữa. Nhưng t&ocirc;i kh&ocirc;ng th&iacute;ch ở Mỹ, trở về Việt Nam sống. Tới nay t&ocirc;i vẫn nhận được c&aacute;c b&ecirc;n đặt vẽ s&aacute;ch, truyện, truyện gi&aacute;o dục, s&aacute;ch t&ocirc; m&agrave;u cho trẻ em.</p>\r\n\r\n<p>Hiện nay, t&ocirc;i chuẩn bị vẽ tiếp tập 160&nbsp;<em>Dũng sĩ Hesman</em>&nbsp;theo y&ecirc;u cầu bạn đọc. T&ocirc;i đ&atilde; ph&acirc;n cảnh c&oacute; kịch bản rồi, sẽ cố gắng vẽ để cuối năm xong, tập truyện như kỷ niệm đẹp cho bộ Hesman.</p>\r\n\r\n<p>Ngo&agrave;i ra t&ocirc;i đ&atilde; ph&acirc;n cảnh bộ truyện&nbsp;<em>Lục V&acirc;n Ti&ecirc;n</em>&nbsp;v&agrave; bộ&nbsp;<em>Cuộc đời Ch&uacute;a cứu thế</em>. Bộ Cuộc đời ch&uacute;a cứu thế vẽ m&agrave;u, mất khoảng ba năm. Bộ<em>&nbsp;Lục V&acirc;n Ti&ecirc;n</em>&nbsp;đ&atilde; c&oacute; đơn vị đề nghị in.</p>\r\n\r\n<p>Hai bộ s&aacute;ch n&agrave;y t&ocirc;i phải vẽ trước khi chết. Khi đi Mỹ về, t&ocirc;i phụ con trai l&agrave;m showroom thiệp cưới. Cuối năm ngo&aacute;i t&ocirc;i nghỉ kh&ocirc;ng l&agrave;m showroom nữa, c&ograve;n bao nhi&ecirc;u sức lực, thời gian sẽ l&agrave;m truyện tranh bấy nhiều.</p>\r\n\r\n<p>Trời&nbsp;cho t&ocirc;i đ&ocirc;i mắt c&ograve;n nh&igrave;n thấy, c&aacute;i tay c&ograve;n chưa run, th&igrave; t&ocirc;i c&ograve;n vẽ.</p>\r\n</div>\r\n\r\n<div style=\"background:transparent; border:0px; padding:10px 0px 0px\">\r\n<p>Thu Hiền (ghi)</p>\r\n</div>\r\n', '2018-10-02'),
(3, 'Top 3 sách Toán trẻ em giúp phát triển tư duy logi', 'image001_3.jpg', '<div style=\"background:transparent; border:0px; padding:0px\">\r\n<p>Dưới đ&acirc;y l&agrave; gợi &yacute; 3 cuốn s&aacute;ch To&aacute;n trẻ em gi&uacute;p ph&aacute;t triển tư duy.</p>\r\n\r\n<h3>&ldquo;Pomath - To&aacute;n tư duy cho trẻ em&rdquo;</h3>\r\n\r\n<p>&ldquo;Pomath&rdquo; l&agrave; viết tắt tiếng Anh của &ldquo;Improving Mathematical thinking with Personal Oriented program for children&rdquo; - chương tr&igrave;nh ph&aacute;t triển tư duy th&ocirc;ng qua dạy học m&ocirc;n To&aacute;n theo định hướng c&aacute; nh&acirc;n d&agrave;nh cho trẻ em. Đ&oacute; l&agrave; kết quả nghi&ecirc;n cứu v&agrave; ấp ủ từ năm 2002 của tiến sĩ Chu Cẩm Thơ v&agrave; c&aacute;c cộng sự thuộc khoa To&aacute;n tin, ĐH Sư phạm H&agrave; Nội. Kh&ocirc;ng c&ograve;n l&agrave; &ldquo;cuộc chiến&rdquo; gian khổ giữa bố mẹ v&agrave; b&eacute;, bộ s&aacute;ch gi&uacute;p b&eacute; tập trung v&agrave; hứng th&uacute; hơn đối với To&aacute;n học.</p>\r\n\r\n<table align=\"center\" style=\"width:660px\">\r\n	<tbody>\r\n		<tr>\r\n			<td style=\"vertical-align:baseline\"><img alt=\"Top 3 sach Toan tre em giup phat trien tu duy logic hinh anh 1\" src=\"https://znews-photo-td.zadn.vn/w660/Uploaded/wyhktpu/2018_10_15/image001_3.jpg\" style=\"height:auto; margin:0px; width:660px\" /></td>\r\n		</tr>\r\n		<tr>\r\n			<td style=\"vertical-align:baseline\">Bộ s&aacute;ch&nbsp;<a href=\"http://pomath.tkbooks.vn/\" target=\"_blank\">Pomath - To&aacute;n tư duy cho trẻ em&nbsp;</a>gồm 6 cuốn d&agrave;nh cho trẻ 4-6 tuổi.</td>\r\n		</tr>\r\n	</tbody>\r\n</table>\r\n\r\n<p>Theo tiến sĩ Chu Cẩm Thơ, c&aacute;c b&agrave;i học của Pomath trải qua nhiều t&igrave;nh huống. Đầu ti&ecirc;n trẻ được khởi động tr&iacute; n&atilde;o bằng c&aacute;c tr&ograve; chơi m&ocirc; h&igrave;nh to&aacute;n học, sau đ&oacute; tiếp cận kiến thức, thực h&agrave;nh v&agrave; ph&aacute;t triển s&aacute;ng tạo n&oacute;. Kh&ocirc;ng chỉ khiến trẻ hứng th&uacute;, mỗi b&agrave;i học c&ograve;n gi&uacute;p trẻ t&igrave;m thấy phương ph&aacute;p học của bản th&acirc;n, r&egrave;n luyện c&aacute;ch tự học, đồng thời ph&aacute;t triển ng&ocirc;n ngữ về cảm x&uacute;c t&iacute;ch cực v&agrave; sự chịu kh&oacute;, ham học hỏi để ho&agrave;n thiện khả năng của m&igrave;nh.</p>\r\n\r\n<p>&ldquo;Trong hơn 6 năm nghi&ecirc;n cứu, ch&uacute;ng t&ocirc;i tự h&agrave;o khi 7 trung t&acirc;m To&aacute;n Pomath giảng dạy hơn 10.000 học sinh, nhờ Pomath c&aacute;c bạn kh&ocirc;ng hề sợ h&atilde;i, ngược lại rất y&ecirc;u th&iacute;ch v&igrave; được học theo c&aacute;ch của m&igrave;nh. Giờ đ&acirc;y, th&ocirc;ng qua bộ s&aacute;ch &lsquo;Pomath - To&aacute;n tư duy cho trẻ em&rsquo;, ch&uacute;ng t&ocirc;i mong trẻ em Việt Nam được học to&aacute;n theo theo c&aacute;ch ch&uacute;ng y&ecirc;u th&iacute;ch&rdquo;, tiến sĩ Thơ chia sẻ th&ecirc;m.</p>\r\n\r\n<h3>&ldquo;Vietmath - C&ugrave;ng con giỏi tư duy To&aacute;n học&rdquo;</h3>\r\n\r\n<p>Từ l&acirc;u, To&aacute;n học đ&atilde; được coi l&agrave; bộ m&ocirc;n thể dục d&agrave;nh cho bộ n&atilde;o. Như nhiều bộ phận kh&aacute;c tr&ecirc;n cơ thể, n&atilde;o bộ c&agrave;ng được sử dụng v&agrave; luyện tập sẽ c&agrave;ng khỏe mạnh, đặc biệt nếu được luyện tập ngay từ khi mới h&igrave;nh th&agrave;nh. Đ&acirc;y l&agrave; cơ hội để trẻ ph&aacute;t triển n&atilde;o bộ một c&aacute;ch nhạy b&eacute; v&agrave; to&agrave;n diện. Để c&ugrave;ng con kh&aacute;m ph&aacute; m&ocirc;n To&aacute;n, cha mẹ c&oacute; thể lựa chọn &ldquo;Vietmath - C&ugrave;ng con giỏi tư duy To&aacute;n học&rdquo; của t&aacute;c giả Đỗ Thị Xuyến, d&agrave;nh cho trẻ 3-7 tuổi.</p>\r\n\r\n<table align=\"center\" style=\"width:660px\">\r\n	<tbody>\r\n		<tr>\r\n			<td style=\"vertical-align:baseline\"><img alt=\"Top 3 sach Toan tre em giup phat trien tu duy logic hinh anh 2\" src=\"https://znews-photo-td.zadn.vn/w660/Uploaded/wyhktpu/2018_10_15/image003_2.jpg#1540220981208\" style=\"height:auto; margin:0px; width:660px\" /></td>\r\n		</tr>\r\n		<tr>\r\n			<td style=\"vertical-align:baseline\">Bộ s&aacute;ch &ldquo;Vietmath - C&ugrave;ng con giỏi tư duy To&aacute;n học&rdquo;.</td>\r\n		</tr>\r\n	</tbody>\r\n</table>\r\n\r\n<p>Bộ s&aacute;ch gồm 5 tập bao qu&aacute;t c&aacute;c chủ đề cơ bản của to&aacute;n học d&agrave;nh cho lứa tuổi mầm non v&agrave; đầu tiểu học. C&aacute;c chủ đề được đề cập trong tập s&aacute;ch như h&igrave;nh học, tư duy số, to&aacute;n quy luật, to&aacute;n c&oacute; lời văn, tư duy thời gian, cộng trừ số học, so s&aacute;nh, vị tr&iacute;, ph&acirc;n số, đo lường, k&iacute;ch thước&hellip;</p>\r\n\r\n<p>Ngo&agrave;i c&aacute;c b&agrave;i học, s&aacute;ch c&ograve;n x&acirc;y dựng nhiều tr&ograve; chơi gi&uacute;p b&eacute; nhớ kiến thức l&acirc;u v&agrave; s&acirc;u sắc hơn. Bộ s&aacute;ch với nội dung đầy đủ, hệ thống, từ đơn giản đến phức tạp, mang t&iacute;nh thực h&agrave;nh cao, nhiều h&igrave;nh ảnh, ph&ugrave; hợp với t&acirc;m l&yacute; lứa tuổi mầm non v&agrave; đầu tiểu học, sẽ gi&uacute;p việc tiếp cận v&agrave; khơi gợi niềm y&ecirc;u th&iacute;ch với m&ocirc;n To&aacute;n của trẻ dễ d&agrave;ng hơn.</p>\r\n\r\n<h3>&ldquo;Ph&aacute;t triển tư duy to&aacute;n học c&ugrave;ng Thỏ Mặt To&rdquo;</h3>\r\n\r\n<p>Giai đoạn tiền tiểu học, trẻ cần được tiếp x&uacute;c với To&aacute;n học một c&aacute;ch tự nhi&ecirc;n, ph&ugrave; hợp với lứa tuổi. Bộ s&aacute;ch &ldquo;Ph&aacute;t triển tư duy To&aacute;n học c&ugrave;ng Thỏ Mặt To&rdquo; sẽ bồi dưỡng ở trẻ niềm say m&ecirc; To&aacute;n học bằng nhiều tr&ograve; chơi phong ph&uacute;.</p>\r\n\r\n<p>Bộ s&aacute;ch gồm 20 tập chia th&agrave;nh 4 bộ d&agrave;nh cho trẻ 2-3 tuổi, 3-4 tuổi, 4-5 tuổi v&agrave; 5-6 tuổi. Nội dung mỗi tập đề cập đến c&aacute;c kh&aacute;i niệm To&aacute;n học như ph&acirc;n loại, so s&aacute;nh, đối chiếu, đếm, h&igrave;nh, số lượng, thời gian, kh&ocirc;ng gian&hellip; được thiết kế dựa v&agrave;o tr&igrave;nh độ hiểu biết của trẻ ở mỗi lứa tuổi.</p>\r\n\r\n<table align=\"center\" style=\"width:660px\">\r\n	<tbody>\r\n		<tr>\r\n			<td style=\"vertical-align:baseline\"><img alt=\"Top 3 sach Toan tre em giup phat trien tu duy logic hinh anh 3\" src=\"https://znews-photo-td.zadn.vn/w660/Uploaded/wyhktpu/2018_10_15/image004_1.jpg#1540220981210\" style=\"height:auto; margin:0px; width:660px\" /></td>\r\n		</tr>\r\n		<tr>\r\n			<td style=\"vertical-align:baseline\">Bộ s&aacute;ch &ldquo;Ph&aacute;t triển tư duy To&aacute;n học c&ugrave;ng Thỏ Mặt To&rdquo; gi&uacute;p trẻ học To&aacute;n bằng nhiều tr&ograve; chơi phong ph&uacute;.</td>\r\n		</tr>\r\n	</tbody>\r\n</table>\r\n\r\n<p>Bố mẹ c&oacute; thể vui chơi c&ugrave;ng trẻ v&agrave; khơi nguồn cảm hứng cho trẻ với việc học. Đ&acirc;y cũng được coi l&agrave; bộ gi&aacute;o tr&igrave;nh học tại nh&agrave; d&agrave;nh cho những phụ huynh đang t&igrave;m kiếm định hướng trong giai đoạn con sắp đi học.</p>\r\n</div>\r\n\r\n<div style=\"background:transparent; border:0px; padding:10px 0px 0px\">\r\n<p>Mộc Tr&agrave;</p>\r\n</div>\r\n', '2018-10-15'),
(4, 'Quán ăn tìm lại tình yêu', 'tintuc1.jpg', '<p>T&igrave;m lại t&igrave;nh y&ecirc;u&quot; nghe c&oacute; vẻ thật xa x&ocirc;i nhưng đ&oacute; lại l&agrave; c&acirc;u chuyện diễn ra ở một qu&aacute;n ăn nhỏ v&ugrave;ng ngoại &ocirc; mang t&ecirc;n &ldquo;Ốc S&ecirc;n&rdquo;.</p>\r\n\r\n<div style=\"background:transparent; border:0px; padding:0px\">\r\n<p>Nếu bạn th&iacute;ch xem những chương tr&igrave;nh ẩm thực như Masterchef, bạn m&ecirc; mẩn t&agrave;i năng của si&ecirc;u đầu bếp Gordon Ramsay, Marco Pierre White&hellip; hay đơn giản bạn chỉ l&agrave; một người c&oacute; niềm đam m&ecirc; nấu nướng, chắc chắn bạn sẽ kh&ocirc;ng thể bỏ qua&nbsp;<em>Qu&aacute;n ăn t&igrave;m lại t&igrave;nh y&ecirc;u&nbsp;</em>của Ogawa Ito.</p>\r\n\r\n<p>Thoạt nh&igrave;n bạn sẽ ngỡ đ&oacute; l&agrave; một cuốn tiểu thuyết l&atilde;ng mạn, nhưng đ&oacute; chỉ l&agrave; ch&uacute;t khai vị nhẹ nh&agrave;ng cho một h&agrave;nh tr&igrave;nh d&agrave;i t&igrave;m lại t&igrave;nh y&ecirc;u của c&ocirc; g&aacute;i trẻ Rinko.</p>\r\n\r\n<h3>Ẩm thực l&agrave; vị thuốc chữa vết thương l&ograve;ng</h3>\r\n\r\n<p>Trở về nh&agrave; sau ng&agrave;y d&agrave;i l&agrave;m việc mệt mỏi, Rinko đ&atilde; bị bỏ rơi một c&aacute;ch t&agrave;n nhẫn bởi người bạn trai Ấn Độ c&ugrave;ng với căn hộ trống kh&ocirc;ng. Qu&aacute; thất vọng v&agrave; ch&aacute;n nản, c&ocirc; rời Tokyo với một hũ tương gạo do b&agrave; ngoại để lại.</p>\r\n\r\n<p>Nhờ sự gi&uacute;p đỡ của mẹ v&agrave; những người h&agrave;ng x&oacute;m tại nơi qu&ecirc; nh&agrave;, Rinko đ&atilde; mở một qu&aacute;n ăn mang t&ecirc;n Ốc S&ecirc;n.</p>\r\n</div>\r\n', '2018-10-08');
INSERT INTO `tintucsach` (`matt`, `tieude`, `anhnen`, `noidung`, `ngaytao`) VALUES
(5, '‘Họa sĩ nếu chỉ trông chờ vào nhuận bút truyện tranh thì chết sặc’', 'Long_than_tuong.jpg', '<p>Nhiều t&aacute;c giả cho rằng sẽ kh&oacute; sống nếu chỉ tr&ocirc;ng chờ v&agrave;o việc xuất bản truyện tranh rồi nhận nhuận b&uacute;t, họ ph&aacute;t triển th&ecirc;m c&aacute;c hướng s&aacute;ng t&aacute;c kh&aacute;c để tăng thu nhập.</p>\r\n\r\n<div style=\"background:transparent; border:0px; padding:0px\">\r\n<p><em>Long thần tướng, Bad Luck</em>... đều l&agrave; những truyện tranh th&agrave;nh c&ocirc;ng gần đ&acirc;y. Nhưng t&aacute;c giả đều kh&ocirc;ng coi nhuận b&uacute;t của t&aacute;c phẩm n&agrave;y l&agrave; thu nhập ch&iacute;nh.</p>\r\n\r\n<h3>Nguồn thu lớn nhất kh&ocirc;ng đến từ việc xuất bản truyện</h3>\r\n\r\n<p><em>Long thần tướng</em>&nbsp;l&agrave; bộ s&aacute;ch đ&igrave;nh đ&aacute;m trong l&agrave;ng truyện tranh Việt Nam v&agrave;i năm gần đ&acirc;y. T&aacute;c phẩm được đ&aacute;nh gi&aacute; c&oacute; chất lượng cao, đạt giải thưởng về truyện tranh quốc tế, được mua bản quyền để xuất bản tiếng Anh, tiếng T&acirc;y Ban Nha.</p>\r\n\r\n<p>Nhưng Th&agrave;nh Phong - một trong c&aacute;c t&aacute;c giả của bộ truyện - cho biết, nhuận b&uacute;t cho mỗi tập truyện phải bỏ c&ocirc;ng sức l&agrave;m trong một năm trời chỉ bằng thu nhập một dự &aacute;n m&agrave; anh l&agrave;m trong một th&aacute;ng.</p>\r\n\r\n<table align=\"center\" style=\"width:820px\">\r\n	<tbody>\r\n		<tr>\r\n			<td style=\"vertical-align:baseline\"><img alt=\"‘Hoa si neu chi trong cho vao nhuan but truyen tranh thi chet sac’ hinh anh 1\" src=\"https://znews-photo-td.zadn.vn/w1024/Uploaded/oplukaa/2018_10_25/Long_than_tuong.jpg\" style=\"height:auto; margin:0px; width:860px\" /></td>\r\n		</tr>\r\n		<tr>\r\n			<td style=\"vertical-align:baseline\"><em>Long thần tướng</em>&nbsp;l&agrave; bộ truyện nổi bật trong l&agrave;ng truyện tranh Việt hiện nay, nhưng t&aacute;c giả kh&ocirc;ng sống nhờ nhuận b&uacute;t s&aacute;ch.</td>\r\n		</tr>\r\n	</tbody>\r\n</table>\r\n\r\n<p><em>Long thần tướng</em>&nbsp;l&agrave; t&aacute;c phẩm rất th&agrave;nh c&ocirc;ng, g&acirc;y quỹ h&agrave;ng trăm triệu đồng để xuất bản, nhưng số tiền g&acirc;y quỹ đ&oacute; l&agrave; chi ph&iacute; tối thiểu để xuất bản s&aacute;ch. V&igrave; thế nhuận b&uacute;t d&agrave;nh cho c&aacute;c t&aacute;c giả kh&ocirc;ng nhiều. Th&agrave;nh Phong vẫn coi đ&oacute; l&agrave; một dự &aacute;n mang t&iacute;nh c&aacute; nh&acirc;n nhiều hơn l&agrave; tr&ocirc;ng đợi thu nhập ở đ&oacute;.</p>\r\n\r\n<p>Cũng như Th&agrave;nh Phong, t&aacute;c giả Ch&acirc;u Chặt Ch&eacute;m (Nguyễn Huỳnh Bảo Ch&acirc;u) l&agrave; c&aacute;i t&ecirc;n mới nổi trong giới truyện tranh. T&aacute;c phẩm&nbsp;<em>Bad Luck&nbsp;</em>(Số nhọ) của c&ocirc; khi xuất bản th&agrave;nh s&aacute;ch đ&atilde; g&acirc;y tiếng vang, được mua bản quyền dựng phim.</p>\r\n\r\n<p>T&aacute;c giả chia sẻ: &ldquo;Nhuận b&uacute;t từ xuất bản s&aacute;ch m&igrave;nh lĩnh một cục, nhưng m&igrave;nh l&agrave;m nửa năm mới c&oacute; thể ra được s&aacute;ch. Nếu chia ra mỗi th&aacute;ng th&igrave; nhuận b&uacute;t từ s&aacute;ch kh&ocirc;ng nhiều&rdquo;.</p>\r\n\r\n<p>Khi được hỏi, v&igrave; sao nhuận b&uacute;t chia ra kh&ocirc;ng cao m&agrave; vẫn s&aacute;ng t&aacute;c truyện, nữ t&aacute;c giả n&oacute;i: &ldquo;Nhuận b&uacute;t kh&ocirc;ng nhiều nhưng vẫn vẽ, v&igrave; th&iacute;ch, đam m&ecirc; l&agrave;m cho mờ mắt n&ecirc;n vẫn vẽ. Việc chuyển thể l&ecirc;n phim, nếu c&oacute; nhuận b&uacute;t cũng kh&ocirc;ng thể tr&ocirc;ng cậy v&agrave;o đ&oacute; m&agrave; sống&rdquo;.</p>\r\n\r\n<p>Nguyễn Kh&aacute;nh Dương - bi&ecirc;n kịch bộ truyện&nbsp;<em>Long thần tướng</em>, nh&agrave; s&aacute;ng lập Comicola (đơn vị xuất bản, khai th&aacute;c truyện tranh của t&aacute;c giả Việt) n&ecirc;u &yacute; kiến: &ldquo;Thẳng thắn m&agrave; n&oacute;i, doanh thu chỉ từ truy&ecirc;n tranh, b&aacute;n truyện sẽ kh&oacute; l&ograve;ng c&oacute; một cuộc sống tốt cho t&aacute;c giả. Ở Việt Nam b&acirc;y giờ, họa sĩ truyện tranh nếu chỉ thuần s&aacute;ng t&aacute;c v&agrave; tr&ocirc;ng chờ v&agrave;o nhuận b&uacute;t th&igrave; sẽ &lsquo;chết sặc ngay&rsquo;.</p>\r\n\r\n<h3>Sống khỏe nhờ c&aacute;c nguồn thu ngo&agrave;i s&aacute;ch</h3>\r\n\r\n<p>Nguyễn Kh&aacute;nh Dương nhận định, nghề l&agrave;m truyện tranh kh&ocirc;ng mang lại thu nhập &ldquo;tốt&rdquo; cho t&aacute;c giả ngay v&agrave; lu&ocirc;n, trừ phi đ&oacute; l&agrave; một bộ truyện si&ecirc;u hit; nhưng nếu chăm chỉ cần mẫn, chắc chắn sẽ c&oacute; ng&agrave;y t&aacute;c giả ấy c&oacute; thu nhập tốt.</p>\r\n\r\n<p>Kh&ocirc;ng tr&ocirc;ng chờ v&agrave;o nhuận b&uacute;t xuất bản truyện, song họa sĩ c&oacute; nhiều nguồn thu nhập kh&aacute;c. Họa sĩ Th&agrave;nh Phong cho biết anh thường nhận nhiều c&ocirc;ng việc, dự &aacute;n ngo&agrave;i như vẽ minh họa, vẽ tranh theo đặt h&agrave;ng. Nhưng c&aacute;c dự &aacute;n anh nhận thường c&oacute; t&iacute;nh chất văn ho&aacute; nghệ thuật theo đ&uacute;ng sở th&iacute;ch.</p>\r\n\r\n<p>Ch&acirc;u Chặt Ch&eacute;m cũng l&agrave;m th&ecirc;m nhiều việc, từ vẽ minh họa, vẽ truyện tranh thu&ecirc; tới viết kịch bản thu&ecirc;. Một số t&aacute;c giả nhận vẽ thu&ecirc; cho c&aacute;c đơn vị truyện tranh nước ngo&agrave;i. Hoặc một nguồn thu mới cho t&aacute;c giả truyện tranh l&agrave; việc khai th&aacute;c t&aacute;c phẩm tr&ecirc;n m&ocirc;i trường kỹ thuật số.</p>\r\n\r\n<table align=\"center\" style=\"width:820px\">\r\n	<tbody>\r\n		<tr>\r\n			<td style=\"vertical-align:baseline\"><img alt=\"‘Hoa si neu chi trong cho vao nhuan but truyen tranh thi chet sac’ hinh anh 2\" src=\"https://znews-photo-td.zadn.vn/w1024/Uploaded/oplukaa/2018_10_25/2.jpg\" style=\"height:auto; margin:0px; width:860px\" /></td>\r\n		</tr>\r\n		<tr>\r\n			<td style=\"vertical-align:baseline\">Thăng Fly sống khỏe nhờ vẽ truyện tranh, nhưng nguồn thu kh&ocirc;ng đến từ nhuận b&uacute;t xuất bản s&aacute;ch.&nbsp;</td>\r\n		</tr>\r\n	</tbody>\r\n</table>\r\n\r\n<p>Thăng Fly l&agrave; một trong những họa sĩ th&agrave;nh c&ocirc;ng khi c&oacute; nhiều nguồn thu kh&aacute;c ngo&agrave;i xuất bản s&aacute;ch. Anh ph&aacute;t triển trang Facebook c&aacute; nh&acirc;n của m&igrave;nh qua c&aacute;c bức tranh, những c&acirc;u chuyện vui vẻ hoặc cảm động&hellip; Nhờ những mẩu truyện tranh gi&agrave;u s&aacute;ng tạo n&agrave;y, Thăng Fly &ldquo;l&ocirc;i k&eacute;o&rdquo; được cộng đồng fans. Theo một nghĩa n&agrave;o đ&oacute;, Thăng trở th&agrave;nh người nổi tiếng.</p>\r\n\r\n<p>Anh nhận được hợp đồng vẽ truyện tranh quảng c&aacute;o cho c&aacute;c nh&atilde;n h&agrave;ng, được mua bản quyền t&aacute;c phẩm, được đặt h&agrave;ng vẽ tranh&hellip; Dễ nhận thấy nhất, c&aacute;c nh&acirc;n vật của Thăng Fly xuất hiện tr&ecirc;n những ứng dụng chat phổ biến l&agrave; Zalo. Sau chưa đầy hai năm v&agrave;o TP.HCM lập nghiệp, anh đ&atilde; c&oacute; thể mua nh&agrave;, tậu xe nhờ vẽ truyện tranh tr&ecirc;n trang c&aacute; nh&acirc;n.</p>\r\n\r\n<p>D&ugrave;ng chuy&ecirc;n m&ocirc;n của m&igrave;nh l&agrave; vẽ truyện tranh để ph&aacute;t triển nhiều nguồn thu nhập l&agrave; xu thế của nhiều họa sĩ. Tuy nhi&ecirc;n, những người c&oacute; thể &ldquo;sống tốt&rdquo; n&oacute;i d&ugrave; thế n&agrave;o c&aacute;i l&otilde;i của họ vẫn l&agrave; truyện tranh.</p>\r\n\r\n<p>&ldquo;B&ugrave;i Tiến Dũng sẽ kh&oacute; c&oacute; thể sống khỏe từ lương cứng của việc đi l&agrave;m thủ m&ocirc;n. Nhờ tạo ấn tượng với c&aacute;c bạn trẻ, bạn ấy c&oacute; cơ hội ở nhiều lĩnh vực kh&aacute;c, nhưng d&ugrave; g&igrave; bạn ấy cũng phải l&agrave; một thủ m&ocirc;n tốt&rdquo;, bi&ecirc;n kịch Kh&aacute;nh Dương n&ecirc;u v&iacute; dụ.</p>\r\n\r\n<p>C&ograve;n Thăng Fly, anh khẳng định sẽ s&aacute;ng t&aacute;c truyện tranh để xuất bản, nhưng việc xuất bản s&aacute;ch giấy hay điện tử chỉ diễn ra khi n&agrave;o anh thấy t&aacute;c phẩm của m&igrave;nh đạt độ ch&iacute;n, thật chất lượng. C&ograve;n b&igrave;nh thường, miệt m&agrave;i vẽ, lấy vẽ l&agrave;m niềm vui vẫn l&agrave; c&aacute;ch m&agrave; họa sĩ n&agrave;y thực hiện. &ldquo;Cứ vui vẻ vẽ, thu nhập sẽ đến với m&igrave;nh&rdquo;, t&aacute;c giả Pikalong n&oacute;i.</p>\r\n\r\n<div style=\"background:transparent; border:0px; padding:0px\">\r\n<h3>Nếu l&agrave;m chuy&ecirc;n nghiệp, c&aacute;nh cửa cho họa sĩ truyện tranh vẫn mở</h3>\r\n\r\n<p>Kh&aacute;c với nhiều họa sĩ truyện tranh hiện nay, Ho&agrave;ng Anh Tuấn - trưởng nh&oacute;m B.R.O Comics - khẳng định: &ldquo;T&ocirc;i chưa thấy ai l&agrave;m truyện tranh chuy&ecirc;n nghiệp m&agrave; ngh&egrave;o. Nếu l&agrave;m truyện tranh chuy&ecirc;n nghiệp th&igrave; kh&ocirc;ng thể ngh&egrave;o được&rdquo;.</p>\r\n\r\n<table align=\"left\" style=\"width:300px\">\r\n	<tbody>\r\n		<tr>\r\n			<td style=\"vertical-align:baseline\"><img alt=\"‘Hoa si neu chi trong cho vao nhuan but truyen tranh thi chet sac’ hinh anh 3\" src=\"https://znews-photo-td.zadn.vn/w1024/Uploaded/oplukaa/2018_10_25/17904381_10212416378540345_1376840804042486849_n.jpg\" style=\"height:auto; margin:0px; width:300px\" /></td>\r\n		</tr>\r\n		<tr>\r\n			<td style=\"vertical-align:baseline\">Tranh vẽ Ho&agrave;ng Anh Tuấn - một họa sĩ sống tốt nhờ nhuận b&uacute;t truyện tranh.</td>\r\n		</tr>\r\n	</tbody>\r\n</table>\r\n\r\n<p>Bản th&acirc;n Ho&agrave;ng Anh Tuấn đ&atilde; sống trong nghề 13 năm, l&agrave; t&aacute;c giả của nhiều t&aacute;c phẩm, trong đ&oacute; nổi bật nhất l&agrave; hai bộ truyện tranh:&nbsp;<em>Học sinh ch&acirc;n kinh</em>&nbsp;v&agrave;&nbsp;<em>Lớp học mật ngữ</em>. Hiện nay&nbsp;<em>Lớp học mật ngữ</em>&nbsp;đang l&agrave; bộ s&aacute;ch b&aacute;n chạy tại c&aacute;c điểm ph&aacute;t h&agrave;nh.</p>\r\n\r\n<p>Ho&agrave;ng Anh Tuấn cho biết nh&oacute;m B.R.O c&oacute; bốn người, họ vẽ truyện, s&aacute;ch ra đều đều h&agrave;ng th&aacute;ng. V&agrave; nếu c&oacute; s&aacute;ch ph&aacute;t h&agrave;nh đều, th&igrave; họ sống được ho&agrave;n to&agrave;n nhờ v&agrave;o tiền nhuận b&uacute;t xuất bản s&aacute;ch. &ldquo;Với t&ocirc;i, c&oacute; c&ocirc;ng ty vẽ ri&ecirc;ng, c&oacute; thu nhập từ truyện, t&ocirc;i ho&agrave;n to&agrave;n hạnh ph&uacute;c với truyện tranh.</p>\r\n\r\n<p>T&aacute;c giả&nbsp;<em>Lớp học mật ngữ</em>&nbsp;n&ecirc;u quan điểm, những ai n&oacute;i l&agrave;m truyện tranh m&agrave; thu nhập kh&ocirc;ng tốt th&igrave; hoặc đ&oacute; l&agrave; người mới v&agrave;o nghề, hoặc l&agrave; những người kh&ocirc;ng chuy&ecirc;n, chỉ coi l&agrave;m truyện tranh để cho vui. &ldquo;Nếu anh l&agrave;m g&igrave; đ&oacute; cho vui, th&igrave; anh đừng đ&ograve;i hỏi điều g&igrave; đến với m&igrave;nh ngo&agrave;i niềm vui&quot;, Ho&agrave;ng Anh Tuấn n&oacute;i.</p>\r\n\r\n<table align=\"center\" style=\"width:820px\">\r\n	<tbody>\r\n		<tr>\r\n			<td style=\"vertical-align:baseline\"><img alt=\"‘Hoa si neu chi trong cho vao nhuan but truyen tranh thi chet sac’ hinh anh 4\" src=\"https://znews-photo-td.zadn.vn/w1024/Uploaded/oplukaa/2018_10_25/58c53e76a0d4clophocmatngu123.jpg\" style=\"height:auto; margin:0px; width:860px\" /></td>\r\n		</tr>\r\n		<tr>\r\n			<td style=\"vertical-align:baseline\">Một số tập trong bộ&nbsp;<em>Lớp học mật ngữ</em>&nbsp;th&agrave;nh c&ocirc;ng của Ho&agrave;ng Anh Tuấn v&agrave; nh&oacute;m B.R.O.</td>\r\n		</tr>\r\n	</tbody>\r\n</table>\r\n\r\n<p>Tuy nhi&ecirc;n, những c&aacute; nh&acirc;n như Ho&agrave;ng Anh Tuấn, nh&oacute;m B.R.O kh&ocirc;ng nhiều trong giới truyện tranh.</p>\r\n\r\n<p>Theo Kh&aacute;nh Dương, c&aacute;c t&aacute;c giả truyện tranh Việt Nam c&oacute; nhiều người đam m&ecirc;, y&ecirc;u nghề, v&agrave; cũng rất giỏi. &ldquo;C&aacute;c cuộc thi truyện tranh gần đ&acirc;y, t&aacute;c giả Việt Nam lu&ocirc;n nằm trong top đầu (như cuộc thi Silent Manga, mấy lần gần đ&acirc;y trong top 3 đều c&oacute; t&aacute;c giả người Việt). Độc giả truyện tranh ở Việt Nam rất đ&aacute;ng y&ecirc;u v&agrave; đ&aacute;ng nể. Khi l&agrave;m truyện tranh, đ&ocirc;i khi m&igrave;nh chưa c&oacute; kinh nghiệm quả l&yacute; tiến độ, dẫn tới tốc độ ra truyện kh&ocirc;ng được như kỳ vọng, số lượng bản in &iacute;t dẫn tới gi&aacute; b&igrave;a cao, nhưng độc giả truyện tranh Việt Nam vẫn tận t&igrave;nh ủng hộ t&aacute;c phẩm Việt&quot;.</p>\r\n\r\n<p>Nhưng những yếu tố đ&oacute; chưa đủ l&agrave;m n&ecirc;n thị trường xuất bản truyện tranh tốt, dẫn đến thu nhập của họa sĩ kh&ocirc;ng đặt hết v&agrave;o lĩnh vực n&agrave;y. Kh&aacute;nh Dương ph&acirc;n t&iacute;ch vấn đề thu nhập họa sĩ truyện tranh bằng yếu tố thị trường xuất bản.</p>\r\n\r\n<p>&quot;5 năm nay, số lượng truyện tranh Việt Nam tr&ecirc;n thị trường l&agrave; một phần rất rất nhỏ so với truyện tranh nước ngo&agrave;i. Comicola của ch&uacute;ng t&ocirc;i gần như l&agrave; đơn vị ti&ecirc;n phong chỉ khai th&aacute;c truyện tranh Việt, v&agrave; cũng c&oacute; được những th&agrave;nh t&iacute;ch đ&aacute;ng kể. Nhưng một nền truyện tranh muốn ph&aacute;t triển sẽ cần nhiều hơn một c&ocirc;ng ty. C&oacute; cạnh tranh, c&oacute; đối đầu, sẽ tự ho&agrave;n thiện m&igrave;nh hơn,v&agrave; sẽ ph&aacute;t triển mạnh mẽ hơn.</p>\r\n\r\n<p>T&aacute;c giả sẽ rất kh&oacute; sống nếu kh&ocirc;ng c&oacute; đầu ra. T&aacute;c giả d&ugrave; s&aacute;ng t&aacute;c giỏi thế n&agrave;o đi nữa, cũng kh&ocirc;ng thể tự m&igrave;nh in cuốn s&aacute;ch ra được.</p>\r\n\r\n<p>T&ocirc;i thấy truyện tranh của t&aacute;c giả người Việt chưa được c&aacute;c đơn vị xuất bản quan t&acirc;m thỏa đ&aacute;ng. Tất nhi&ecirc;n, mỗi đơn vị họ c&oacute; l&yacute; do, c&oacute; t&ocirc;n chỉ hoạt động v&agrave; c&oacute; định hướng kh&aacute;c nhau. Khi kh&ocirc;ng c&oacute; nhiều đầu ra như vậy, họa sĩ truyện tranh tr&ocirc;ng chờ v&agrave;o việc xuất bản s&aacute;ch giấy th&igrave; kh&oacute; m&agrave; sống được&rdquo;, Kh&aacute;nh Dương &quot;bắt bệnh&quot; thị trường xuất bản truyện tranh.</p>\r\n</div>\r\n\r\n<div style=\"background:transparent; border:0px; padding:10px 0px 0px\">\r\n<p><strong>&nbsp; &nbsp; &nbsp; &nbsp; &nbsp; &nbsp; &nbsp; &nbsp; &nbsp; &nbsp; &nbsp; &nbsp; &nbsp; &nbsp; &nbsp; &nbsp; &nbsp; &nbsp; &nbsp; &nbsp; &nbsp; &nbsp; &nbsp; &nbsp; &nbsp; &nbsp; &nbsp; &nbsp; &nbsp; &nbsp; &nbsp; &nbsp; &nbsp; &nbsp; &nbsp; &nbsp; &nbsp; &nbsp; &nbsp; &nbsp; &nbsp; &nbsp; &nbsp; &nbsp; &nbsp; &nbsp; &nbsp; &nbsp; &nbsp; &nbsp; &nbsp; &nbsp; &nbsp; &nbsp; &nbsp; &nbsp; &nbsp; &nbsp; &nbsp; &nbsp; &nbsp; &nbsp; &nbsp; &nbsp; &nbsp; &nbsp;Tần Tần</strong></p>\r\n</div>\r\n</div>\r\n', '2018-10-25');

--
-- Chỉ mục cho các bảng đã đổ
--

--
-- Chỉ mục cho bảng `admin`
--
ALTER TABLE `admin`
  ADD PRIMARY KEY (`username`);

--
-- Chỉ mục cho bảng `danhmucchinh`
--
ALTER TABLE `danhmucchinh`
  ADD PRIMARY KEY (`madmc`);

--
-- Chỉ mục cho bảng `danhmucchitiet`
--
ALTER TABLE `danhmucchitiet`
  ADD PRIMARY KEY (`madmct`),
  ADD KEY `madmc` (`madmc`);

--
-- Chỉ mục cho bảng `donhang`
--
ALTER TABLE `donhang`
  ADD PRIMARY KEY (`madh`),
  ADD KEY `makh` (`tendangnhap`),
  ADD KEY `masach` (`masach`);

--
-- Chỉ mục cho bảng `feedback`
--
ALTER TABLE `feedback`
  ADD PRIMARY KEY (`maph`),
  ADD KEY `id` (`tendangnhap`),
  ADD KEY `masach` (`masach`);

--
-- Chỉ mục cho bảng `khachhang`
--
ALTER TABLE `khachhang`
  ADD PRIMARY KEY (`tendangnhap`),
  ADD KEY `tendangnhap` (`tendangnhap`);

--
-- Chỉ mục cho bảng `naptien`
--
ALTER TABLE `naptien`
  ADD PRIMARY KEY (`mathanhtoan`);

--
-- Chỉ mục cho bảng `phanhoi`
--
ALTER TABLE `phanhoi`
  ADD PRIMARY KEY (`maph`);

--
-- Chỉ mục cho bảng `sach`
--
ALTER TABLE `sach`
  ADD PRIMARY KEY (`masach`),
  ADD KEY `madmct` (`madmct`);

--
-- Chỉ mục cho bảng `tintucsach`
--
ALTER TABLE `tintucsach`
  ADD PRIMARY KEY (`matt`);

--
-- AUTO_INCREMENT cho các bảng đã đổ
--

--
-- AUTO_INCREMENT cho bảng `danhmucchinh`
--
ALTER TABLE `danhmucchinh`
  MODIFY `madmc` int(10) NOT NULL AUTO_INCREMENT, AUTO_INCREMENT=8;

--
-- AUTO_INCREMENT cho bảng `danhmucchitiet`
--
ALTER TABLE `danhmucchitiet`
  MODIFY `madmct` int(10) NOT NULL AUTO_INCREMENT, AUTO_INCREMENT=47;

--
-- AUTO_INCREMENT cho bảng `donhang`
--
ALTER TABLE `donhang`
  MODIFY `madh` int(10) NOT NULL AUTO_INCREMENT, AUTO_INCREMENT=32;

--
-- AUTO_INCREMENT cho bảng `feedback`
--
ALTER TABLE `feedback`
  MODIFY `maph` int(10) NOT NULL AUTO_INCREMENT, AUTO_INCREMENT=3;

--
-- AUTO_INCREMENT cho bảng `sach`
--
ALTER TABLE `sach`
  MODIFY `masach` int(10) NOT NULL AUTO_INCREMENT, AUTO_INCREMENT=42;

--
-- AUTO_INCREMENT cho bảng `tintucsach`
--
ALTER TABLE `tintucsach`
  MODIFY `matt` int(10) NOT NULL AUTO_INCREMENT, AUTO_INCREMENT=6;

--
-- Các ràng buộc cho các bảng đã đổ
--

--
-- Các ràng buộc cho bảng `danhmucchitiet`
--
ALTER TABLE `danhmucchitiet`
  ADD CONSTRAINT `danhmucchitiet_ibfk_1` FOREIGN KEY (`madmc`) REFERENCES `danhmucchinh` (`madmc`) ON DELETE CASCADE ON UPDATE CASCADE;

--
-- Các ràng buộc cho bảng `feedback`
--
ALTER TABLE `feedback`
  ADD CONSTRAINT `feedback_ibfk_1` FOREIGN KEY (`masach`) REFERENCES `sach` (`masach`);

--
-- Các ràng buộc cho bảng `sach`
--
ALTER TABLE `sach`
  ADD CONSTRAINT `sach_ibfk_1` FOREIGN KEY (`madmct`) REFERENCES `danhmucchitiet` (`madmct`) ON DELETE CASCADE ON UPDATE CASCADE;
COMMIT;

/*!40101 SET CHARACTER_SET_CLIENT=@OLD_CHARACTER_SET_CLIENT */;
/*!40101 SET CHARACTER_SET_RESULTS=@OLD_CHARACTER_SET_RESULTS */;
/*!40101 SET COLLATION_CONNECTION=@OLD_COLLATION_CONNECTION */;
